model_name,model_type,total_tiles,total_sram_mb,peak_compute_tflops,latency_ms,compute_time_ms,weight_stream_time_ms,noc_total_latency_ms,act_spill_time_ms,achieved_tflops,pcu_utilization_pct,total_energy_j,sram_spilled,bottleneck,grid_dim,sram_per_tile_kb,compression,hbm_bandwidth_gb_s
LLaMA-3-70B,dense,256,16.0,262.144,78.1741640347826,75.2239304347826,1.5837866666666667,2.0480213333333332,0.8546986666666667,232.07081370556094,88.52798984739721,0.8139768332288,True,Compute Pipeline Bound (Balanced Design),16x16,64,None,1200.0
DeepSeek-V3-MoE,moe,256,16.0,262.144,265.6987594202899,261.7878260869565,0.9813333333333333,3.1360213333333338,0.745472,237.622559431411,90.64581277138176,1.8337799077888002,True,Compute Pipeline Bound (Balanced Design),16x16,64,None,1200.0
LLaMA-3-70B,dense,256,16.0,262.144,77.72305790144928,75.2239304347826,0.7918933333333333,2.0480213333333332,0.42734933333333336,233.4177572028559,89.04180801500546,0.8139768332288,True,Compute Pipeline Bound (Balanced Design),16x16,64,None,2400.0
DeepSeek-V3-MoE,moe,256,16.0,262.144,265.31130342028985,261.7878260869565,0.49066666666666664,3.1360213333333338,0.372736,237.96957927263202,90.7781903353241,1.8337799077888002,True,Compute Pipeline Bound (Balanced Design),16x16,64,None,2400.0
LLaMA-3-70B,dense,256,16.0,262.144,77.4975048347826,75.2239304347826,0.39594666666666667,2.0480213333333332,0.21367466666666668,234.09710928088478,89.30096026645079,0.8139768332288,True,Compute Pipeline Bound (Balanced Design),16x16,64,None,4800.0
DeepSeek-V3-MoE,moe,256,16.0,262.144,265.1175754202899,261.7878260869565,0.24533333333333332,3.1360213333333338,0.186368,238.1434695572736,90.8445242146582,1.8337799077888002,True,Compute Pipeline Bound (Balanced Design),16x16,64,None,4800.0
LLaMA-3-70B,dense,256,16.0,262.144,76.71325736811595,75.2239304347826,1.5837866666666667,1.0240213333333334,0.417792,236.49030794309965,90.21389310573565,0.7491228270592001,True,Compute Pipeline Bound (Balanced Design),16x16,64,FP8,1200.0
DeepSeek-V3-MoE,moe,256,16.0,262.144,263.7484660869565,261.7878260869565,0.9813333333333333,1.5680213333333333,0.3631786666666667,239.3796642228978,91.31609505573188,1.7770326523904,True,Compute Pipeline Bound (Balanced Design),16x16,64,FP8,1200.0
LLaMA-3-70B,dense,256,16.0,262.144,76.48060456811594,75.2239304347826,0.7918933333333333,1.0240213333333334,0.208896,237.2097077520646,90.48832235415061,0.7491228270592001,True,Compute Pipeline Bound (Balanced Design),16x16,64,FP8,2400.0
DeepSeek-V3-MoE,moe,256,16.0,262.144,263.55215675362314,261.7878260869565,0.49066666666666664,1.5680213333333333,0.18158933333333335,239.5579684450146,91.38411271858773,1.7770326523904,True,Compute Pipeline Bound (Balanced Design),16x16,64,FP8,2400.0
LLaMA-3-70B,dense,256,16.0,262.144,76.36427816811594,75.2239304347826,0.39594666666666667,1.0240213333333334,0.104448,237.57105145896247,90.62616403921602,0.7491228270592001,True,Compute Pipeline Bound (Balanced Design),16x16,64,FP8,4800.0
DeepSeek-V3-MoE,moe,256,16.0,262.144,263.4540020869565,261.7878260869565,0.24533333333333332,1.5680213333333333,0.09079466666666668,239.6472202018822,91.41815956187523,1.7770326523904,True,Compute Pipeline Bound (Balanced Design),16x16,64,FP8,4800.0
LLaMA-3-70B,dense,256,16.0,262.144,75.9828040347826,75.2239304347826,1.5837866666666667,0.5120213333333333,0.19933866666666666,238.76378463210136,91.08115563663534,0.7166958239744,True,Compute Pipeline Bound (Balanced Design),16x16,64,INT4,1200.0
DeepSeek-V3-MoE,moe,256,16.0,262.144,262.77331942028985,261.7878260869565,0.9813333333333333,0.7840213333333333,0.172032,240.26799749109153,91.65496730464612,1.7486590246912002,True,Compute Pipeline Bound (Balanced Design),16x16,64,INT4,1200.0
LLaMA-3-70B,dense,256,16.0,262.144,75.85937790144928,75.2239304347826,0.7918933333333333,0.5120213333333333,0.09966933333333333,239.1522625175311,91.22934818936581,0.7166958239744,True,Compute Pipeline Bound (Balanced Design),16x16,64,INT4,2400.0
DeepSeek-V3-MoE,moe,256,16.0,262.144,262.6725834202898,261.7878260869565,0.49066666666666664,0.7840213333333333,0.086016,240.3601412416121,91.69011735596165,1.7486590246912002,True,Compute Pipeline Bound (Balanced Design),16x16,64,INT4,2400.0
LLaMA-3-70B,dense,256,16.0,262.144,75.79766483478261,75.2239304347826,0.39594666666666667,0.5120213333333333,0.049834666666666666,239.3469758975858,91.30362544921333,0.7166958239744,True,Compute Pipeline Bound (Balanced Design),16x16,64,INT4,4800.0
DeepSeek-V3-MoE,moe,256,16.0,262.144,262.6222154202898,261.7878260869565,0.24533333333333332,0.7840213333333333,0.043008,240.40623962508164,91.70770249369873,1.7486590246912002,True,Compute Pipeline Bound (Balanced Design),16x16,64,INT4,4800.0
LLaMA-3-70B,dense,256,32.0,262.144,78.20256296811594,75.2239304347826,1.5837866666666667,2.0480213333333332,0.835584,231.98653816116834,88.49584127852185,0.8111582609407999,True,Compute Pipeline Bound (Balanced Design),16x16,128,None,1200.0
DeepSeek-V3-MoE,moe,256,32.0,262.144,265.7090847536232,261.7878260869565,0.9813333333333333,3.1360213333333338,0.7263573333333334,237.61332552758745,90.64229031661509,1.8309613355008,True,Compute Pipeline Bound (Balanced Design),16x16,128,None,1200.0
LLaMA-3-70B,dense,256,32.0,262.144,77.73725736811595,75.2239304347826,0.7918933333333333,2.0480213333333332,0.417792,233.3751211776728,89.02554366213715,0.8111582609407999,True,Compute Pipeline Bound (Balanced Design),16x16,128,None,2400.0
DeepSeek-V3-MoE,moe,256,32.0,262.144,265.31646608695655,261.7878260869565,0.49066666666666664,3.1360213333333338,0.3631786666666667,237.96494873600267,90.77642392578227,1.8309613355008,True,Compute Pipeline Bound (Balanced Design),16x16,128,None,2400.0
LLaMA-3-70B,dense,256,32.0,262.144,77.50460456811594,75.2239304347826,0.39594666666666667,2.0480213333333332,0.208896,234.07566504464538,89.29277993951621,0.8111582609407999,True,Compute Pipeline Bound (Balanced Design),16x16,128,None,4800.0
DeepSeek-V3-MoE,moe,256,32.0,262.144,265.1201567536232,261.7878260869565,0.24533333333333332,3.1360213333333338,0.18158933333333335,238.14115088153204,90.84363971005708,1.8309613355008,True,Compute Pipeline Bound (Balanced Design),16x16,128,None,4800.0
LLaMA-3-70B,dense,256,32.0,262.144,76.74165630144928,75.2239304347826,1.5837866666666667,1.0240213333333334,0.39867733333333333,236.40279259859267,90.18050865119655,0.7463042547712,True,Compute Pipeline Bound (Balanced Design),16x16,128,FP8,1200.0
DeepSeek-V3-MoE,moe,256,32.0,262.144,263.7587914202898,261.7878260869565,0.9813333333333333,1.5680213333333333,0.344064,239.37029325629229,91.31252031566326,1.7742140801024,True,Compute Pipeline Bound (Balanced Design),16x16,128,FP8,1200.0
LLaMA-3-70B,dense,256,32.0,262.144,76.4948040347826,75.2239304347826,0.7918933333333333,1.0240213333333334,0.19933866666666666,237.16567533207558,90.47152531893752,0.7463042547712,True,Compute Pipeline Bound (Balanced Design),16x16,128,FP8,2400.0
DeepSeek-V3-MoE,moe,256,32.0,262.144,263.55731942028984,261.7878260869565,0.49066666666666664,1.5680213333333333,0.172032,239.5532758872774,91.38232264987084,1.7742140801024,True,Compute Pipeline Bound (Balanced Design),16x16,128,FP8,2400.0
LLaMA-3-70B,dense,256,32.0,262.144,76.37137790144928,75.2239304347826,0.39594666666666667,1.0240213333333334,0.09966933333333333,237.54896607619963,90.61773913429246,0.7463042547712,True,Compute Pipeline Bound (Balanced Design),16x16,128,FP8,4800.0
DeepSeek-V3-MoE,moe,256,32.0,262.144,263.4565834202898,261.7878260869565,0.24533333333333332,1.5680213333333333,0.086016,239.64487215139997,91.41726385169981,1.7742140801024,True,Compute Pipeline Bound (Balanced Design),16x16,128,FP8,4800.0
LLaMA-3-70B,dense,256,32.0,262.144,76.01120296811594,75.2239304347826,1.5837866666666667,0.5120213333333333,0.180224,238.67457887640475,91.04712634140196,0.7138772516864,True,Compute Pipeline Bound (Balanced Design),16x16,128,INT4,1200.0
DeepSeek-V3-MoE,moe,256,32.0,262.144,262.78364475362315,261.7878260869565,0.9813333333333333,0.7840213333333333,0.15291733333333332,240.25855684585753,91.65136598429014,1.7458404524032,True,Compute Pipeline Bound (Balanced Design),16x16,128,INT4,1200.0
LLaMA-3-70B,dense,256,32.0,262.144,75.87357736811595,75.2239304347826,0.7918933333333333,0.5120213333333333,0.090112,239.1075060331571,91.21227494550976,0.7138772516864,True,Compute Pipeline Bound (Balanced Design),16x16,128,INT4,2400.0
DeepSeek-V3-MoE,moe,256,32.0,262.144,262.6777460869565,261.7878260869565,0.49066666666666664,0.7840213333333333,0.07645866666666666,240.3554172050019,91.68831527900768,1.7458404524032,True,Compute Pipeline Bound (Balanced Design),16x16,128,INT4,2400.0
LLaMA-3-70B,dense,256,32.0,262.144,75.80476456811594,75.2239304347826,0.39594666666666667,0.5120213333333333,0.045056,239.32455910475363,91.29507412138123,0.7138772516864,True,Compute Pipeline Bound (Balanced Design),16x16,128,INT4,4800.0
DeepSeek-V3-MoE,moe,256,32.0,262.144,262.6247967536232,261.7878260869565,0.24533333333333332,0.7840213333333333,0.03822933333333333,240.4038766774561,91.70680110071416,1.7458404524032,True,Compute Pipeline Bound (Balanced Design),16x16,128,INT4,4800.0
LLaMA-3-70B,dense,256,64.0,262.144,78.1168200347826,75.2239304347826,1.5837866666666667,2.0480213333333332,0.7973546666666667,232.24117226259395,88.59297647956618,0.8055211163648,True,Compute Pipeline Bound (Balanced Design),16x16,256,None,1200.0
DeepSeek-V3-MoE,moe,256,64.0,262.144,265.6414154202899,261.7878260869565,0.9813333333333333,3.1360213333333338,0.688128,237.67385500227093,90.66538047877157,1.8253241909248001,True,Compute Pipeline Bound (Balanced Design),16x16,256,None,1200.0
LLaMA-3-70B,dense,256,64.0,262.144,77.69438590144928,75.2239304347826,0.7918933333333333,2.0480213333333332,0.39867733333333333,233.50389668200705,89.07466761856348,0.8055211163648,True,Compute Pipeline Bound (Balanced Design),16x16,256,None,2400.0
DeepSeek-V3-MoE,moe,256,64.0,262.144,265.2826314202899,261.7878260869565,0.49066666666666664,3.1360213333333338,0.344064,237.99529925188727,90.7880017287778,1.8253241909248001,True,Compute Pipeline Bound (Balanced Design),16x16,256,None,2400.0
LLaMA-3-70B,dense,256,64.0,262.144,77.4831688347826,75.2239304347826,0.39594666666666667,2.0480213333333332,0.19933866666666666,234.14042212171353,89.31748280399839,0.8055211163648,True,Compute Pipeline Bound (Balanced Design),16x16,256,None,4800.0
DeepSeek-V3-MoE,moe,256,64.0,262.144,265.10323942028987,261.7878260869565,0.24533333333333332,3.1360213333333338,0.172032,238.15634765256604,90.84943681814805,1.8253241909248001,True,Compute Pipeline Bound (Balanced Design),16x16,256,None,4800.0
LLaMA-3-70B,dense,256,64.0,262.144,76.65591336811595,75.2239304347826,1.5837866666666667,1.0240213333333334,0.360448,236.6672192813491,90.28137942556347,0.7406671101952,True,Compute Pipeline Bound (Balanced Design),16x16,256,FP8,1200.0
DeepSeek-V3-MoE,moe,256,64.0,262.144,263.6911220869565,261.7878260869565,0.9813333333333333,1.5680213333333333,0.30583466666666664,239.43172129390027,91.33595325237283,1.7685769355264,True,Compute Pipeline Bound (Balanced Design),16x16,256,FP8,1200.0
LLaMA-3-70B,dense,256,64.0,262.144,76.45193256811594,75.2239304347826,0.7918933333333333,1.0240213333333334,0.180224,237.29866922775534,90.52225846395696,0.7406671101952,True,Compute Pipeline Bound (Balanced Design),16x16,256,FP8,2400.0
DeepSeek-V3-MoE,moe,256,64.0,262.144,263.52348475362317,261.7878260869565,0.49066666666666664,1.5680213333333333,0.15291733333333332,239.5840329381951,91.39405553367428,1.7685769355264,True,Compute Pipeline Bound (Balanced Design),16x16,256,FP8,2400.0
LLaMA-3-70B,dense,256,64.0,262.144,76.34994216811594,75.2239304347826,0.39594666666666667,1.0240213333333334,0.090112,237.61565946385417,90.64318064264457,0.7406671101952,True,Compute Pipeline Bound (Balanced Design),16x16,256,FP8,4800.0
DeepSeek-V3-MoE,moe,256,64.0,262.144,263.4396660869565,261.7878260869565,0.24533333333333332,1.5680213333333333,0.07645866666666666,239.6602614518953,91.42313440395175,1.7685769355264,True,Compute Pipeline Bound (Balanced Design),16x16,256,FP8,4800.0
LLaMA-3-70B,dense,256,64.0,262.144,75.9254600347826,75.2239304347826,1.5837866666666667,0.5120213333333333,0.14199466666666666,238.94411505696374,91.14994623449849,0.7082401071104001,True,Compute Pipeline Bound (Balanced Design),16x16,256,INT4,1200.0
DeepSeek-V3-MoE,moe,256,64.0,262.144,262.71597542028985,261.7878260869565,0.9813333333333333,0.7840213333333333,0.114688,240.32044168686642,91.67497317766815,1.7402033078272001,True,Compute Pipeline Bound (Balanced Design),16x16,256,INT4,1200.0
LLaMA-3-70B,dense,256,64.0,262.144,75.83070590144928,75.2239304347826,0.7918933333333333,0.5120213333333333,0.07099733333333333,239.24268728134402,91.263842499292,0.7082401071104001,True,Compute Pipeline Bound (Balanced Design),16x16,256,INT4,2400.0
DeepSeek-V3-MoE,moe,256,64.0,262.144,262.64391142028984,261.7878260869565,0.49066666666666664,0.7840213333333333,0.057344,240.38638059333513,91.70012687428861,1.7402033078272001,True,Compute Pipeline Bound (Balanced Design),16x16,256,INT4,2400.0
LLaMA-3-70B,dense,256,64.0,262.144,75.78332883478261,75.2239304347826,0.39594666666666667,0.5120213333333333,0.035498666666666664,239.39225337878415,91.3208974375855,0.7082401071104001,True,Compute Pipeline Bound (Balanced Design),16x16,256,INT4,4800.0
DeepSeek-V3-MoE,moe,256,64.0,262.144,262.6078794202898,261.7878260869565,0.24533333333333332,0.7840213333333333,0.028672,240.41936361762473,91.71270889954556,1.7402033078272001,True,Compute Pipeline Bound (Balanced Design),16x16,256,INT4,4800.0
LLaMA-3-70B,dense,1024,64.0,1048.576,21.698893542028983,18.80598260869565,1.5837866666666667,2.048042666666667,0.7973546666666667,836.0768176112085,79.73449874984823,0.8055211163648,True,Compute Pipeline Bound (Balanced Design),32x32,64,None,1200.0
DeepSeek-V3-MoE,moe,1024,64.0,1048.576,67.95656718840578,65.44695652173912,0.9813333333333333,1.7920426666666667,0.688128,929.0642812512721,88.60247433197709,1.8253241909248001,True,Compute Pipeline Bound (Balanced Design),32x32,64,None,1200.0
LLaMA-3-70B,dense,1024,64.0,1048.576,21.27645940869565,18.80598260869565,0.7918933333333333,2.048042666666667,0.39867733333333333,852.676731114831,81.31758986614523,0.8055211163648,True,Compute Pipeline Bound (Balanced Design),32x32,64,None,2400.0
DeepSeek-V3-MoE,moe,1024,64.0,1048.576,67.59778318840578,65.44695652173912,0.49066666666666664,1.7920426666666667,0.344064,933.9954104002177,89.07274345400025,1.8253241909248001,True,Compute Pipeline Bound (Balanced Design),32x32,64,None,2400.0
LLaMA-3-70B,dense,1024,64.0,1048.576,21.065242342028984,18.80598260869565,0.39594666666666667,2.048042666666667,0.19933866666666666,861.2263539977192,82.1329454419822,0.8055211163648,True,Compute Pipeline Bound (Balanced Design),32x32,64,None,4800.0
DeepSeek-V3-MoE,moe,1024,64.0,1048.576,67.41839118840579,65.44695652173912,0.24533333333333332,1.7920426666666667,0.172032,936.4806566617946,89.3097550069613,1.8253241909248001,True,Compute Pipeline Bound (Balanced Design),32x32,64,None,4800.0
LLaMA-3-70B,dense,1024,64.0,1048.576,20.237986875362317,18.80598260869565,1.5837866666666667,1.0240426666666667,0.360448,896.4301622504736,85.49024221901641,0.7406671101952,True,Compute Pipeline Bound (Balanced Design),32x32,64,FP8,1200.0
DeepSeek-V3-MoE,moe,1024,64.0,1048.576,66.67827385507246,65.44695652173912,0.9813333333333333,0.8960426666666667,0.30583466666666664,946.8754303452473,90.30107787563774,1.7685769355264,True,Compute Pipeline Bound (Balanced Design),32x32,64,FP8,1200.0
LLaMA-3-70B,dense,1024,64.0,1048.576,20.034006075362317,18.80598260869565,0.7918933333333333,1.0240426666666667,0.180224,905.5573703062231,86.36068060934286,0.7406671101952,True,Compute Pipeline Bound (Balanced Design),32x32,64,FP8,2400.0
DeepSeek-V3-MoE,moe,1024,64.0,1048.576,66.51063652173913,65.44695652173912,0.49066666666666664,0.8960426666666667,0.15291733333333332,949.261991058586,90.52867804132327,1.7685769355264,True,Compute Pipeline Bound (Balanced Design),32x32,64,FP8,2400.0
LLaMA-3-70B,dense,1024,64.0,1048.576,19.93201567536232,18.80598260869565,0.39594666666666667,1.0240426666666667,0.090112,910.1910290352116,86.80258074142566,0.7406671101952,True,Compute Pipeline Bound (Balanced Design),32x32,64,FP8,4800.0
DeepSeek-V3-MoE,moe,1024,64.0,1048.576,66.42681785507247,65.44695652173912,0.24533333333333332,0.8960426666666667,0.07645866666666666,950.459788529202,90.64290890972157,1.7685769355264,True,Compute Pipeline Bound (Balanced Design),32x32,64,FP8,4800.0
LLaMA-3-70B,dense,1024,64.0,1048.576,19.50753354202898,18.80598260869565,1.5837866666666667,0.5120426666666666,0.14199466666666666,929.9967020032125,88.69139690429806,0.7082401071104001,True,Compute Pipeline Bound (Balanced Design),32x32,64,INT4,1200.0
DeepSeek-V3-MoE,moe,1024,64.0,1048.576,66.03912718840579,65.44695652173912,0.9813333333333333,0.4480426666666667,0.114688,956.0395774322791,91.17503904650489,1.7402033078272001,True,Compute Pipeline Bound (Balanced Design),32x32,64,INT4,1200.0
LLaMA-3-70B,dense,1024,64.0,1048.576,19.412779408695652,18.80598260869565,0.7918933333333333,0.5120426666666666,0.07099733333333333,934.5360330101726,89.1243012437985,0.7082401071104001,True,Compute Pipeline Bound (Balanced Design),32x32,64,INT4,2400.0
DeepSeek-V3-MoE,moe,1024,64.0,1048.576,65.96706318840579,65.44695652173912,0.49066666666666664,0.4480426666666667,0.057344,957.0839779676085,91.27464084316334,1.7402033078272001,True,Compute Pipeline Bound (Balanced Design),32x32,64,INT4,2400.0
LLaMA-3-70B,dense,1024,64.0,1048.576,19.365402342028982,18.80598260869565,0.39594666666666667,0.5120426666666666,0.035498666666666664,936.8223565864319,89.34234205116576,0.7082401071104001,True,Compute Pipeline Bound (Balanced Design),32x32,64,INT4,4800.0
DeepSeek-V3-MoE,moe,1024,64.0,1048.576,65.9310311884058,65.44695652173912,0.24533333333333332,0.4480426666666667,0.028672,957.6070343990417,91.32452339163224,1.7402033078272001,True,Compute Pipeline Bound (Balanced Design),32x32,64,INT4,4800.0
LLaMA-3-70B,dense,1024,128.0,1048.576,21.669948475362318,18.80598260869565,1.5837866666666667,2.048042666666667,0.720896,837.1935853438004,79.84100202024463,0.7942468272128,True,Compute Pipeline Bound (Balanced Design),32x32,128,None,1200.0
DeepSeek-V3-MoE,moe,1024,128.0,1048.576,67.90954852173913,65.44695652173912,0.9813333333333333,1.7920426666666667,0.6116693333333333,929.7075393011775,88.66382020007873,1.8140499017728,True,Compute Pipeline Bound (Balanced Design),32x32,128,None,1200.0
LLaMA-3-70B,dense,1024,128.0,1048.576,21.261986875362318,18.80598260869565,0.7918933333333333,2.048042666666667,0.360448,853.2571280686038,81.37294083295859,0.7942468272128,True,Compute Pipeline Bound (Balanced Design),32x32,128,None,2400.0
DeepSeek-V3-MoE,moe,1024,128.0,1048.576,67.57427385507245,65.44695652173912,0.49066666666666664,1.7920426666666667,0.30583466666666664,934.32035076853,89.10373218236256,1.8140499017728,True,Compute Pipeline Bound (Balanced Design),32x32,128,None,2400.0
LLaMA-3-70B,dense,1024,128.0,1048.576,21.058006075362318,18.80598260869565,0.39594666666666667,2.048042666666667,0.180224,861.5223014647104,82.16116919180969,0.7942468272128,True,Compute Pipeline Bound (Balanced Design),32x32,128,None,4800.0
DeepSeek-V3-MoE,moe,1024,128.0,1048.576,67.40663652173912,65.44695652173912,0.24533333333333332,1.7920426666666667,0.15291733333333332,936.6439642903438,89.32532923606337,1.8140499017728,True,Compute Pipeline Bound (Balanced Design),32x32,128,None,4800.0
LLaMA-3-70B,dense,1024,128.0,1048.576,20.209041808695652,18.80598260869565,1.5837866666666667,1.0240426666666667,0.2839893333333333,897.714103916485,85.61268843808031,0.7293928210432001,True,Compute Pipeline Bound (Balanced Design),32x32,128,FP8,1200.0
DeepSeek-V3-MoE,moe,1024,128.0,1048.576,66.6312551884058,65.44695652173912,0.9813333333333333,0.8960426666666667,0.229376,947.5435975605935,90.36479926687178,1.7573026463744001,True,Compute Pipeline Bound (Balanced Design),32x32,128,FP8,1200.0
LLaMA-3-70B,dense,1024,128.0,1048.576,20.01953354202898,18.80598260869565,0.7918933333333333,1.0240426666666667,0.14199466666666666,906.2120163897341,86.42311252496091,0.7293928210432001,True,Compute Pipeline Bound (Balanced Design),32x32,128,FP8,2400.0
DeepSeek-V3-MoE,moe,1024,128.0,1048.576,66.4871271884058,65.44695652173912,0.49066666666666664,0.8960426666666667,0.114688,949.597642748051,90.56068828087339,1.7573026463744001,True,Compute Pipeline Bound (Balanced Design),32x32,128,FP8,2400.0
LLaMA-3-70B,dense,1024,128.0,1048.576,19.924779408695652,18.80598260869565,0.39594666666666667,1.0240426666666667,0.07099733333333333,910.5215915407534,86.83410563857588,0.7293928210432001,True,Compute Pipeline Bound (Balanced Design),32x32,128,FP8,4800.0
DeepSeek-V3-MoE,moe,1024,128.0,1048.576,66.4150631884058,65.44695652173912,0.24533333333333332,0.8960426666666667,0.057344,950.6280084699486,90.6589516134213,1.7573026463744001,True,Compute Pipeline Bound (Balanced Design),32x32,128,FP8,4800.0
LLaMA-3-70B,dense,1024,128.0,1048.576,19.47858847536232,18.80598260869565,1.5837866666666667,0.5120426666666666,0.06553600000000001,931.3786715732,88.82319179279328,0.6969658179584,True,Compute Pipeline Bound (Balanced Design),32x32,128,INT4,1200.0
DeepSeek-V3-MoE,moe,1024,128.0,1048.576,65.99210852173913,65.44695652173912,0.9813333333333333,0.4480426666666667,0.038229333333333344,956.7207453358111,91.24000027998076,1.7289290186752,True,Compute Pipeline Bound (Balanced Design),32x32,128,INT4,1200.0
LLaMA-3-70B,dense,1024,128.0,1048.576,19.398306875362316,18.80598260869565,0.7918933333333333,0.5120426666666666,0.032768000000000005,935.233264164203,89.19079438821821,0.6969658179584,True,Compute Pipeline Bound (Balanced Design),32x32,128,INT4,2400.0
DeepSeek-V3-MoE,moe,1024,128.0,1048.576,65.94355385507245,65.44695652173912,0.49066666666666664,0.4480426666666667,0.019114666666666672,957.4251850295677,91.30718088432003,1.7289290186752,True,Compute Pipeline Bound (Balanced Design),32x32,128,INT4,2400.0
LLaMA-3-70B,dense,1024,128.0,1048.576,19.358166075362316,18.80598260869565,0.39594666666666667,0.5120426666666666,0.016384000000000003,937.1725496969343,89.37573906869261,0.6969658179584,True,Compute Pipeline Bound (Balanced Design),32x32,128,INT4,4800.0
DeepSeek-V3-MoE,moe,1024,128.0,1048.576,65.91927652173912,65.44695652173912,0.24533333333333332,0.4480426666666667,0.009557333333333336,957.7777940323533,91.34080829928907,1.7289290186752,True,Compute Pipeline Bound (Balanced Design),32x32,128,INT4,4800.0
LLaMA-3-70B,dense,1024,256.0,1048.576,21.46951754202898,18.80598260869565,1.5837866666666667,2.048042666666667,0.5679786666666666,845.0092938879096,80.58636607054802,0.7716982489088,True,Compute Pipeline Bound (Balanced Design),32x32,256,None,1200.0
DeepSeek-V3-MoE,moe,1024,256.0,1048.576,67.72719118840578,65.44695652173912,0.9813333333333333,1.7920426666666667,0.458752,932.2108025352194,88.9025499854297,1.7915013234688,True,Compute Pipeline Bound (Balanced Design),32x32,256,None,1200.0
LLaMA-3-70B,dense,1024,256.0,1048.576,21.161771408695653,18.80598260869565,0.7918933333333333,2.048042666666667,0.2839893333333333,857.2978843750875,81.75829738379359,0.7716982489088,True,Compute Pipeline Bound (Balanced Design),32x32,256,None,2400.0
DeepSeek-V3-MoE,moe,1024,256.0,1048.576,67.48309518840578,65.44695652173912,0.49066666666666664,1.7920426666666667,0.229376,935.5827422398276,89.22412321470523,1.7915013234688,True,Compute Pipeline Bound (Balanced Design),32x32,256,None,2400.0
LLaMA-3-70B,dense,1024,256.0,1048.576,21.007898342028984,18.80598260869565,0.39594666666666667,2.048042666666667,0.14199466666666666,863.5771919178002,82.3571388166237,0.7716982489088,True,Compute Pipeline Bound (Balanced Design),32x32,256,None,4800.0
DeepSeek-V3-MoE,moe,1024,256.0,1048.576,67.36104718840579,65.44695652173912,0.24533333333333332,1.7920426666666667,0.114688,937.2778762570512,89.3857837922145,1.7915013234688,True,Compute Pipeline Bound (Balanced Design),32x32,256,None,4800.0
LLaMA-3-70B,dense,1024,256.0,1048.576,20.008610875362315,18.80598260869565,1.5837866666666667,1.0240426666666667,0.13107200000000002,906.7067159891221,86.47029075518819,0.7068442427392,True,Compute Pipeline Bound (Balanced Design),32x32,256,FP8,1200.0
DeepSeek-V3-MoE,moe,1024,256.0,1048.576,66.44889785507246,65.44695652173912,0.9813333333333333,0.8960426666666667,0.07645866666666669,950.1439645982093,90.61278959257214,1.7347540680704001,True,Compute Pipeline Bound (Balanced Design),32x32,256,FP8,1200.0
LLaMA-3-70B,dense,1024,256.0,1048.576,19.91931807536232,18.80598260869565,0.7918933333333333,1.0240426666666667,0.06553600000000001,910.7712317091462,86.85791318026983,0.7068442427392,True,Compute Pipeline Bound (Balanced Design),32x32,256,FP8,2400.0
DeepSeek-V3-MoE,moe,1024,256.0,1048.576,66.39594852173913,65.44695652173912,0.49066666666666664,0.8960426666666667,0.038229333333333344,950.9016838659699,90.68505133304309,1.7347540680704001,True,Compute Pipeline Bound (Balanced Design),32x32,256,FP8,2400.0
LLaMA-3-70B,dense,1024,256.0,1048.576,19.87467167536232,18.80598260869565,0.39594666666666667,1.0240426666666667,0.032768000000000005,912.8171853421708,87.05303052350719,0.7068442427392,True,Compute Pipeline Bound (Balanced Design),32x32,256,FP8,4800.0
DeepSeek-V3-MoE,moe,1024,256.0,1048.576,66.36947385507247,65.44695652173912,0.24533333333333332,0.8960426666666667,0.019114666666666672,951.2809968791797,90.72122544090078,1.7347540680704001,True,Compute Pipeline Bound (Balanced Design),32x32,256,FP8,4800.0
LLaMA-3-70B,dense,1024,256.0,1048.576,19.365538875362315,18.80598260869565,1.5837866666666667,0.5120426666666666,0.0,936.8157516848121,89.34171215866203,0.6873021415424,False,Compute Pipeline Bound (Balanced Design),32x32,256,INT4,1200.0
DeepSeek-V3-MoE,moe,1024,256.0,1048.576,65.92443918840578,65.44695652173912,0.9813333333333333,0.4480426666666667,0.0,957.7027886541933,91.33365522901471,1.7232918740992,False,Compute Pipeline Bound (Balanced Design),32x32,256,INT4,1200.0
LLaMA-3-70B,dense,1024,256.0,1048.576,19.341782075362318,18.80598260869565,0.7918933333333333,0.5120426666666666,0.0,937.96640803917,89.45144729987811,0.6873021415424,False,Compute Pipeline Bound (Balanced Design),32x32,256,INT4,2400.0
DeepSeek-V3-MoE,moe,1024,256.0,1048.576,65.90971918840579,65.44695652173912,0.49066666666666664,0.4480426666666667,0.0,957.9166779746544,91.35405330416245,1.7232918740992,False,Compute Pipeline Bound (Balanced Design),32x32,256,INT4,2400.0
LLaMA-3-70B,dense,1024,256.0,1048.576,19.329903675362317,18.80598260869565,0.39594666666666667,0.5120426666666666,0.0,938.5427968493975,89.5064160203359,0.6873021415424,False,Compute Pipeline Bound (Balanced Design),32x32,256,INT4,4800.0
DeepSeek-V3-MoE,moe,1024,256.0,1048.576,65.9023591884058,65.44695652173912,0.24533333333333332,0.4480426666666667,0.0,958.023658465743,91.36425575883321,1.7232918740992,False,Compute Pipeline Bound (Balanced Design),32x32,256,INT4,4800.0
LLaMA-3-70B,dense,2304,144.0,2359.296,11.155573426086956,8.358214492753623,1.5837866666666667,2.048064,0.7017813333333334,1626.2670833109878,68.930184398693,0.7914282549248,True,Compute Pipeline Bound (Balanced Design),48x48,64,None,1200.0
DeepSeek-V3-MoE,moe,2304,144.0,2359.296,31.50159489855073,29.087536231884062,0.9813333333333333,1.792064,0.5925546666666667,2004.2165945732684,84.9497729226544,1.8112313294848001,True,Compute Pipeline Bound (Balanced Design),48x48,64,None,1200.0
LLaMA-3-70B,dense,2304,144.0,2359.296,10.780925959420289,8.358214492753623,0.7918933333333333,2.048064,0.3508906666666667,1682.7814166047317,71.32557409518483,0.7914282549248,True,Compute Pipeline Bound (Balanced Design),48x48,64,None,2400.0
DeepSeek-V3-MoE,moe,2304,144.0,2359.296,31.190597565217395,29.087536231884062,0.49066666666666664,1.792064,0.29627733333333334,2024.2003738205697,85.79679590100478,1.8112313294848001,True,Compute Pipeline Bound (Balanced Design),48x48,64,None,2400.0
LLaMA-3-70B,dense,2304,144.0,2359.296,10.593602226086958,8.358214492753623,0.39594666666666667,2.048064,0.17544533333333334,1712.5375742001247,72.5868044620143,0.7914282549248,True,Compute Pipeline Bound (Balanced Design),48x48,64,None,4800.0
DeepSeek-V3-MoE,moe,2304,144.0,2359.296,31.03509889855073,29.087536231884062,0.24533333333333332,1.792064,0.14813866666666667,2034.3424539287778,86.22667329274401,1.8112313294848001,True,Compute Pipeline Bound (Balanced Design),48x48,64,None,4800.0
LLaMA-3-70B,dense,2304,144.0,2359.296,9.69466675942029,8.358214492753623,1.5837866666666667,1.024064,0.26487466666666665,1871.332177630088,79.3173971231286,0.7265742487552,True,Compute Pipeline Bound (Balanced Design),48x48,64,FP8,1200.0
DeepSeek-V3-MoE,moe,2304,144.0,2359.296,30.223301565217394,29.087536231884062,0.9813333333333333,0.896064,0.21026133333333333,2088.9848554421446,88.54272017763539,1.7544840740864,True,Compute Pipeline Bound (Balanced Design),48x48,64,FP8,1200.0
LLaMA-3-70B,dense,2304,144.0,2359.296,9.538472626086955,8.358214492753623,0.7918933333333333,1.024064,0.13243733333333332,1901.9755645874839,80.616233172416,0.7265742487552,True,Compute Pipeline Bound (Balanced Design),48x48,64,FP8,2400.0
DeepSeek-V3-MoE,moe,2304,144.0,2359.296,30.10345089855073,29.087536231884062,0.49066666666666664,0.896064,0.10513066666666666,2097.3017168021606,88.89523471417579,1.7544840740864,True,Compute Pipeline Bound (Balanced Design),48x48,64,FP8,2400.0
LLaMA-3-70B,dense,2304,144.0,2359.296,9.46037555942029,8.358214492753623,0.39594666666666667,1.024064,0.06621866666666666,1917.6767079018257,81.28173437762052,0.7265742487552,True,Compute Pipeline Bound (Balanced Design),48x48,64,FP8,4800.0
DeepSeek-V3-MoE,moe,2304,144.0,2359.296,30.043525565217394,29.087536231884062,0.24533333333333332,0.896064,0.05256533333333333,2101.4850309144517,89.07254667979142,1.7544840740864,True,Compute Pipeline Bound (Balanced Design),48x48,64,FP8,4800.0
LLaMA-3-70B,dense,2304,144.0,2359.296,8.964213426086957,8.358214492753623,1.5837866666666667,0.512064,0.046421333333333335,2023.8185991320477,85.78061418033379,0.6941472456704001,True,Compute Pipeline Bound (Balanced Design),48x48,64,INT4,1200.0
DeepSeek-V3-MoE,moe,2304,144.0,2359.296,29.58415489855073,29.087536231884062,0.9813333333333333,0.448064,0.019114666666666672,2134.1160316292458,90.45562878202846,1.7261104463872001,True,Compute Pipeline Bound (Balanced Design),48x48,64,INT4,1200.0
LLaMA-3-70B,dense,2304,144.0,2359.296,8.91724595942029,8.358214492753623,0.7918933333333333,0.512064,0.023210666666666668,2034.4781270879516,86.23242387084757,0.6941472456704001,True,Compute Pipeline Bound (Balanced Design),48x48,64,INT4,2400.0
DeepSeek-V3-MoE,moe,2304,144.0,2359.296,29.559877565217395,29.087536231884062,0.49066666666666664,0.448064,0.009557333333333336,2135.8687671119137,90.52991939595175,1.7261104463872001,True,Compute Pipeline Bound (Balanced Design),48x48,64,INT4,2400.0
LLaMA-3-70B,dense,2304,144.0,2359.296,8.893762226086958,8.358214492753623,0.39594666666666667,0.512064,0.011605333333333334,2039.850110349309,86.46011820260405,0.6941472456704001,True,Compute Pipeline Bound (Balanced Design),48x48,64,INT4,4800.0
DeepSeek-V3-MoE,moe,2304,144.0,2359.296,29.547738898550726,29.087536231884062,0.24533333333333332,0.448064,0.004778666666666668,2136.746214929384,90.56711048250769,1.7261104463872001,True,Compute Pipeline Bound (Balanced Design),48x48,64,INT4,4800.0
LLaMA-3-70B,dense,2304,288.0,2359.296,11.031055026086957,8.358214492753623,1.5837866666666667,2.048064,0.5297493333333333,1644.6243641610665,69.70826738828306,0.7660611043328001,True,Compute Pipeline Bound (Balanced Design),48x48,128,None,1200.0
DeepSeek-V3-MoE,moe,2304,288.0,2359.296,31.359002898550727,29.087536231884062,0.9813333333333333,1.792064,0.42052266666666666,2013.3299344832758,85.3360466208257,1.7858641788928,True,Compute Pipeline Bound (Balanced Design),48x48,128,None,1200.0
LLaMA-3-70B,dense,2304,288.0,2359.296,10.718666759420291,8.358214492753623,0.7918933333333333,2.048064,0.26487466666666665,1692.5558248519696,71.73986752200528,0.7660611043328001,True,Compute Pipeline Bound (Balanced Design),48x48,128,None,2400.0
DeepSeek-V3-MoE,moe,2304,288.0,2359.296,31.119301565217395,29.087536231884062,0.49066666666666664,1.792064,0.21026133333333333,2028.8379261624646,85.99336099253611,1.7858641788928,True,Compute Pipeline Bound (Balanced Design),48x48,128,None,2400.0
LLaMA-3-70B,dense,2304,288.0,2359.296,10.562472626086956,8.358214492753623,0.39594666666666667,2.048064,0.13243733333333332,1717.5847455923756,72.80073147211607,0.7660611043328001,True,Compute Pipeline Bound (Balanced Design),48x48,128,None,4800.0
DeepSeek-V3-MoE,moe,2304,288.0,2359.296,30.99945089855073,29.087536231884062,0.24533333333333332,1.792064,0.10513066666666666,2036.6818579406415,86.32583016038011,1.7858641788928,True,Compute Pipeline Bound (Balanced Design),48x48,128,None,4800.0
LLaMA-3-70B,dense,2304,288.0,2359.296,9.57014835942029,8.358214492753623,1.5837866666666667,1.024064,0.09284266666666667,1895.6803151798727,80.34940572017555,0.7012070981631999,True,Compute Pipeline Bound (Balanced Design),48x48,128,FP8,1200.0
DeepSeek-V3-MoE,moe,2304,288.0,2359.296,30.080709565217393,29.087536231884062,0.9813333333333333,0.896064,0.038229333333333344,2098.8872989952592,88.96244044813619,1.7291169234944002,True,Compute Pipeline Bound (Balanced Design),48x48,128,FP8,1200.0
LLaMA-3-70B,dense,2304,288.0,2359.296,9.476213426086955,8.358214492753623,0.7918933333333333,1.024064,0.046421333333333335,1914.471639944417,81.14588588902863,0.7012070981631999,True,Compute Pipeline Bound (Balanced Design),48x48,128,FP8,2400.0
DeepSeek-V3-MoE,moe,2304,288.0,2359.296,30.03215489855073,29.087536231884062,0.49066666666666664,0.896064,0.019114666666666672,2102.2806876321342,89.10627100762831,1.7291169234944002,True,Compute Pipeline Bound (Balanced Design),48x48,128,FP8,2400.0
LLaMA-3-70B,dense,2304,288.0,2359.296,9.429245959420289,8.358214492753623,0.39594666666666667,1.024064,0.023210666666666668,1924.0077028831015,81.55007692477339,0.7012070981631999,True,Compute Pipeline Bound (Balanced Design),48x48,128,FP8,4800.0
DeepSeek-V3-MoE,moe,2304,288.0,2359.296,30.007877565217395,29.087536231884062,0.24533333333333332,0.896064,0.009557333333333336,2103.9814999905875,89.17836083266312,1.7291169234944002,True,Compute Pipeline Bound (Balanced Design),48x48,128,FP8,4800.0
LLaMA-3-70B,dense,2304,288.0,2359.296,8.965305692753624,8.358214492753623,1.5837866666666667,0.512064,0.0,2023.5720320130927,85.77016330350634,0.6873021415424,False,Compute Pipeline Bound (Balanced Design),48x48,128,INT4,1200.0
DeepSeek-V3-MoE,moe,2304,288.0,2359.296,29.59448023188406,29.087536231884062,0.9813333333333333,0.448064,0.0,2133.3714515850647,90.42406936582205,1.7232918740992,False,Compute Pipeline Bound (Balanced Design),48x48,128,INT4,1200.0
LLaMA-3-70B,dense,2304,288.0,2359.296,8.917792092753624,8.358214492753623,0.7918933333333333,0.512064,0.0,2034.3535338803974,86.22714292231231,0.6873021415424,False,Compute Pipeline Bound (Balanced Design),48x48,128,INT4,2400.0
DeepSeek-V3-MoE,moe,2304,288.0,2359.296,29.565040231884062,29.087536231884062,0.49066666666666664,0.448064,0.0,2135.4958003105207,90.51411100220238,1.7232918740992,False,Compute Pipeline Bound (Balanced Design),48x48,128,INT4,2400.0
LLaMA-3-70B,dense,2304,288.0,2359.296,8.894035292753623,8.358214492753623,0.39594666666666667,0.512064,0.0,2039.7874824136427,86.45746368466028,0.6873021415424,False,Compute Pipeline Bound (Balanced Design),48x48,128,INT4,4800.0
DeepSeek-V3-MoE,moe,2304,288.0,2359.296,29.55032023188406,29.087536231884062,0.24533333333333332,0.448064,0.0,2136.5595619866685,90.55919909950548,1.7232918740992,False,Compute Pipeline Bound (Balanced Design),48x48,128,INT4,4800.0
LLaMA-3-70B,dense,2304,576.0,2359.296,10.639477426086957,8.358214492753623,1.5837866666666667,2.048064,0.18568533333333334,1705.1534705850997,72.2738253523551,0.7153268031488,True,Compute Pipeline Bound (Balanced Design),48x48,256,None,1200.0
DeepSeek-V3-MoE,moe,2304,576.0,2359.296,30.98549889855073,29.087536231884062,0.9813333333333333,1.792064,0.07645866666666669,2037.5989251589242,86.36470053604654,1.7351298777088,True,Compute Pipeline Bound (Balanced Design),48x48,256,None,1200.0
LLaMA-3-70B,dense,2304,576.0,2359.296,10.522877959420288,8.358214492753623,0.7918933333333333,2.048064,0.09284266666666667,1724.047539871255,73.07466040171539,0.7153268031488,True,Compute Pipeline Bound (Balanced Design),48x48,256,None,2400.0
DeepSeek-V3-MoE,moe,2304,576.0,2359.296,30.932549565217396,29.087536231884062,0.49066666666666664,1.792064,0.038229333333333344,2041.0868207965084,86.51253682439628,1.7351298777088,True,Compute Pipeline Bound (Balanced Design),48x48,256,None,2400.0
LLaMA-3-70B,dense,2304,576.0,2359.296,10.464578226086957,8.358214492753623,0.39594666666666667,2.048064,0.046421333333333335,1733.652467051016,73.48177028448384,0.7153268031488,True,Compute Pipeline Bound (Balanced Design),48x48,256,None,4800.0
DeepSeek-V3-MoE,moe,2304,576.0,2359.296,30.906074898550727,29.087536231884062,0.24533333333333332,1.792064,0.019114666666666672,2042.8352503009244,86.58664492716998,1.7351298777088,True,Compute Pipeline Bound (Balanced Design),48x48,256,None,4800.0
LLaMA-3-70B,dense,2304,576.0,2359.296,9.429792092753623,8.358214492753623,1.5837866666666667,1.024064,0.0,1923.8962725641934,81.54535389218621,0.6875168899072,False,Compute Pipeline Bound (Balanced Design),48x48,256,FP8,1200.0
DeepSeek-V3-MoE,moe,2304,576.0,2359.296,30.013040231884062,29.087536231884062,0.9813333333333333,0.896064,0.0,2103.6195854669886,89.16302089551242,1.7234797789184002,False,Compute Pipeline Bound (Balanced Design),48x48,256,FP8,1200.0
LLaMA-3-70B,dense,2304,576.0,2359.296,9.406035292753621,8.358214492753623,0.7918933333333333,1.024064,0.0,1928.7554526061037,81.75131279017572,0.6875168899072,False,Compute Pipeline Bound (Balanced Design),48x48,256,FP8,2400.0
DeepSeek-V3-MoE,moe,2304,576.0,2359.296,29.998320231884062,29.087536231884062,0.49066666666666664,0.896064,0.0,2104.6518192740386,89.2067726675262,1.7234797789184002,False,Compute Pipeline Bound (Balanced Design),48x48,256,FP8,2400.0
LLaMA-3-70B,dense,2304,576.0,2359.296,9.394156892753625,8.358214492753623,0.39594666666666667,1.024064,0.0,1931.194258880023,81.85468287489248,0.6875168899072,False,Compute Pipeline Bound (Balanced Design),48x48,256,FP8,4800.0
DeepSeek-V3-MoE,moe,2304,576.0,2359.296,29.99096023188406,29.087536231884062,0.24533333333333332,0.896064,0.0,2105.168316154102,89.2286646590382,1.7234797789184002,False,Compute Pipeline Bound (Balanced Design),48x48,256,FP8,4800.0
LLaMA-3-70B,dense,2304,576.0,2359.296,8.917792092753624,8.358214492753623,1.5837866666666667,0.512064,0.0,2034.3535338803974,86.22714292231231,0.6873021415424,False,Compute Pipeline Bound (Balanced Design),48x48,256,INT4,1200.0
DeepSeek-V3-MoE,moe,2304,576.0,2359.296,29.565040231884062,29.087536231884062,0.9813333333333333,0.448064,0.0,2135.4958003105207,90.51411100220238,1.7232918740992,False,Compute Pipeline Bound (Balanced Design),48x48,256,INT4,1200.0
LLaMA-3-70B,dense,2304,576.0,2359.296,8.894035292753623,8.358214492753623,0.7918933333333333,0.512064,0.0,2039.7874824136427,86.45746368466028,0.6873021415424,False,Compute Pipeline Bound (Balanced Design),48x48,256,INT4,2400.0
DeepSeek-V3-MoE,moe,2304,576.0,2359.296,29.55032023188406,29.087536231884062,0.49066666666666664,0.448064,0.0,2136.5595619866685,90.55919909950548,1.7232918740992,False,Compute Pipeline Bound (Balanced Design),48x48,256,INT4,2400.0
LLaMA-3-70B,dense,2304,576.0,2359.296,8.882156892753624,8.358214492753623,0.39594666666666667,0.512064,0.0,2042.5153571769072,86.5730860891091,0.6873021415424,False,Compute Pipeline Bound (Balanced Design),48x48,256,INT4,4800.0
DeepSeek-V3-MoE,moe,2304,576.0,2359.296,29.54296023188406,29.087536231884062,0.24533333333333332,0.448064,0.0,2137.0918403451265,90.58175999726727,1.7232918740992,False,Compute Pipeline Bound (Balanced Design),48x48,256,INT4,4800.0
