model_name,model_type,total_tiles,total_sram_mb,peak_compute_tflops,latency_ms,compute_time_ms,weight_stream_time_ms,noc_total_latency_ms,act_spill_time_ms,achieved_tflops,pcu_utilization_pct,total_energy_j,sram_spilled,bottleneck,grid_dim,sram_mb_size,hbm_bandwidth_gb_s,bus_bandwidth_gb_s
LLaMA-3-70B,dense,65536,64.0,131.072,147.41230933333333,144.17919999999998,1.5837866666666667,1.0103466666666667,0.7973546666666667,123.0693823355068,93.8944872554831,0.8089570902016,True,Compute Pipeline Bound (Balanced Design),256x256,64.0,1200.0,2400.0
DeepSeek-V3-MoE,moe,65536,64.0,131.072,675.3880746666667,669.0133333333334,3.925333333333333,2.1538133333333334,0.688128,93.48109867406285,71.32041829991367,2.2624411320320004,True,Compute Pipeline Bound (Balanced Design),256x256,64.0,1200.0,2400.0
LLaMA-3-70B,dense,65536,64.0,131.072,146.907136,144.17919999999998,1.5837866666666667,0.5051733333333334,0.7973546666666667,123.492584174427,94.21736463503035,0.8089570902016,True,Compute Pipeline Bound (Balanced Design),256x256,64.0,1200.0,4800.0
DeepSeek-V3-MoE,moe,65536,64.0,131.072,674.3111680000001,669.0133333333334,3.925333333333333,1.0769066666666667,0.688128,93.63039238762838,71.43432036409637,2.2624411320320004,True,Compute Pipeline Bound (Balanced Design),256x256,64.0,1200.0,4800.0
LLaMA-3-70B,dense,65536,64.0,131.072,146.65454933333334,144.17919999999998,1.5837866666666667,0.2525866666666667,0.7973546666666667,123.70527842998519,94.37963747404875,0.8089570902016,True,Compute Pipeline Bound (Balanced Design),256x256,64.0,1200.0,9600.0
DeepSeek-V3-MoE,moe,65536,64.0,131.072,673.7727146666667,669.0133333333334,3.925333333333333,0.5384533333333333,0.688128,93.70521820913312,71.49140793543481,2.2624411320320004,True,Compute Pipeline Bound (Balanced Design),256x256,64.0,1200.0,9600.0
LLaMA-3-70B,dense,65536,64.0,131.072,146.30092799999997,144.17919999999998,0.7918933333333333,1.0103466666666667,0.39867733333333333,124.00428422644046,94.60776079287754,0.8089570902016,True,Compute Pipeline Bound (Balanced Design),256x256,64.0,2400.0,2400.0
DeepSeek-V3-MoE,moe,65536,64.0,131.072,673.2776106666668,669.0133333333334,1.9626666666666666,2.1538133333333334,0.344064,93.77412563694774,71.54398013072796,2.2624411320320004,True,Compute Pipeline Bound (Balanced Design),256x256,64.0,2400.0,2400.0
LLaMA-3-70B,dense,65536,64.0,131.072,145.79575466666665,144.17919999999998,0.7918933333333333,0.5051733333333334,0.39867733333333333,124.43395145340125,94.93557087204074,0.8089570902016,True,Compute Pipeline Bound (Balanced Design),256x256,64.0,2400.0,4800.0
DeepSeek-V3-MoE,moe,65536,64.0,131.072,672.2007040000001,669.0133333333334,1.9626666666666666,1.0769066666666667,0.344064,93.92435752521912,71.65859796540765,2.2624411320320004,True,Compute Pipeline Bound (Balanced Design),256x256,64.0,2400.0,4800.0
LLaMA-3-70B,dense,65536,64.0,131.072,145.54316799999998,144.17919999999998,0.7918933333333333,0.2525866666666667,0.39867733333333333,124.64990358258521,95.10032927138154,0.8089570902016,True,Compute Pipeline Bound (Balanced Design),256x256,64.0,2400.0,9600.0
DeepSeek-V3-MoE,moe,65536,64.0,131.072,671.6622506666668,669.0133333333334,1.9626666666666666,0.5384533333333333,0.344064,93.99965412457459,71.71604471174209,2.2624411320320004,True,Compute Pipeline Bound (Balanced Design),256x256,64.0,2400.0,9600.0
LLaMA-3-70B,dense,65536,64.0,131.072,145.7452373333333,144.17919999999998,0.39594666666666667,1.0103466666666667,0.19933866666666666,124.47708199762054,94.9684768658604,0.8089570902016,True,Compute Pipeline Bound (Balanced Design),256x256,64.0,4800.0,2400.0
DeepSeek-V3-MoE,moe,65536,64.0,131.072,672.2223786666667,669.0133333333334,0.9813333333333333,2.1538133333333334,0.172032,93.92132909414357,71.65628745585904,2.2624411320320004,True,Compute Pipeline Bound (Balanced Design),256x256,64.0,4800.0,2400.0
LLaMA-3-70B,dense,65536,64.0,131.072,145.240064,144.17919999999998,0.39594666666666667,0.5051733333333334,0.19933866666666666,124.91003762091428,95.29879579232352,0.8089570902016,True,Compute Pipeline Bound (Balanced Design),256x256,64.0,4800.0,4800.0
DeepSeek-V3-MoE,moe,65536,64.0,131.072,671.145472,669.0133333333334,0.9813333333333333,1.0769066666666667,0.172032,94.07203338950633,71.7712657085467,2.2624411320320004,True,Compute Pipeline Bound (Balanced Design),256x256,64.0,4800.0,4800.0
LLaMA-3-70B,dense,65536,64.0,131.072,144.98747733333332,144.17919999999998,0.39594666666666667,0.2525866666666667,0.19933866666666666,125.12764682838632,95.4648184420672,0.8089570902016,True,Compute Pipeline Bound (Balanced Design),256x256,64.0,4800.0,9600.0
DeepSeek-V3-MoE,moe,65536,64.0,131.072,670.6070186666667,669.0133333333334,0.9813333333333333,0.5384533333333333,0.172032,94.14756704564482,71.82889331485353,2.2624411320320004,True,Compute Pipeline Bound (Balanced Design),256x256,64.0,4800.0,9600.0
LLaMA-3-70B,dense,65536,128.0,131.072,147.33585066666666,144.17919999999998,1.5837866666666667,1.0103466666666667,0.720896,123.13324812810437,93.94321298836088,0.7976828010496,True,Compute Pipeline Bound (Balanced Design),256x256,128.0,1200.0,2400.0
DeepSeek-V3-MoE,moe,65536,128.0,131.072,675.3116160000001,669.0133333333334,3.925333333333333,2.1538133333333334,0.6116693333333333,93.49168258820531,71.32849318558144,2.25116684288,True,Compute Pipeline Bound (Balanced Design),256x256,128.0,1200.0,2400.0
LLaMA-3-70B,dense,65536,128.0,131.072,146.83067733333334,144.17919999999998,1.5837866666666667,0.5051733333333334,0.720896,123.556890070856,94.26642614048461,0.7976828010496,True,Compute Pipeline Bound (Balanced Design),256x256,128.0,1200.0,4800.0
DeepSeek-V3-MoE,moe,65536,128.0,131.072,674.2347093333334,669.0133333333334,3.925333333333333,1.0769066666666667,0.6116693333333333,93.64101013670349,71.44242106376913,2.25116684288,True,Compute Pipeline Bound (Balanced Design),256x256,128.0,1200.0,4800.0
LLaMA-3-70B,dense,65536,128.0,131.072,146.57809066666667,144.17919999999998,1.5837866666666667,0.2525866666666667,0.720896,123.76980608623563,94.42886816881992,0.7976828010496,True,Compute Pipeline Bound (Balanced Design),256x256,128.0,1200.0,9600.0
DeepSeek-V3-MoE,moe,65536,128.0,131.072,673.6962560000001,669.0133333333334,3.925333333333333,0.5384533333333333,0.6116693333333333,93.71585293654948,71.49952158855399,2.25116684288,True,Compute Pipeline Bound (Balanced Design),256x256,128.0,1200.0,9600.0
LLaMA-3-70B,dense,65536,128.0,131.072,146.26269866666664,144.17919999999998,0.7918933333333333,1.0103466666666667,0.360448,124.03669577880254,94.6324888449116,0.7976828010496,True,Compute Pipeline Bound (Balanced Design),256x256,128.0,2400.0,2400.0
DeepSeek-V3-MoE,moe,65536,128.0,131.072,673.2393813333334,669.0133333333334,1.9626666666666666,2.1538133333333334,0.30583466666666664,93.77945052198332,71.54804269560495,2.25116684288,True,Compute Pipeline Bound (Balanced Design),256x256,128.0,2400.0,2400.0
LLaMA-3-70B,dense,65536,128.0,131.072,145.75752533333332,144.17919999999998,0.7918933333333333,0.5051733333333334,0.360448,124.46658803252275,94.96047060586757,0.7976828010496,True,Compute Pipeline Bound (Balanced Design),256x256,128.0,2400.0,4800.0
DeepSeek-V3-MoE,moe,65536,128.0,131.072,672.1624746666668,669.0133333333334,1.9626666666666666,1.0769066666666667,0.30583466666666664,93.92969948599092,71.66267355803751,2.25116684288,True,Compute Pipeline Bound (Balanced Design),256x256,128.0,2400.0,4800.0
LLaMA-3-70B,dense,65536,128.0,131.072,145.50493866666665,144.17919999999998,0.7918933333333333,0.2525866666666667,0.360448,124.68265355490706,95.12531551735462,0.7976828010496,True,Compute Pipeline Bound (Balanced Design),256x256,128.0,2400.0,9600.0
DeepSeek-V3-MoE,moe,65536,128.0,131.072,671.6240213333334,669.0133333333334,1.9626666666666666,0.5384533333333333,0.30583466666666664,94.00500465403245,71.72012684176059,2.25116684288,True,Compute Pipeline Bound (Balanced Design),256x256,128.0,2400.0,9600.0
LLaMA-3-70B,dense,65536,128.0,131.072,145.72612266666664,144.17919999999998,0.39594666666666667,1.0103466666666667,0.180224,124.49340946099144,94.98093373183552,0.7976828010496,True,Compute Pipeline Bound (Balanced Design),256x256,128.0,4800.0,2400.0
DeepSeek-V3-MoE,moe,65536,128.0,131.072,672.2032640000001,669.0133333333334,0.9813333333333333,2.1538133333333334,0.15291733333333332,93.92399982633823,71.65832506281909,2.25116684288,True,Compute Pipeline Bound (Balanced Design),256x256,128.0,4800.0,2400.0
LLaMA-3-70B,dense,65536,128.0,131.072,145.22094933333332,144.17919999999998,0.39594666666666667,0.5051733333333334,0.180224,124.92647886953169,95.31133946955238,0.7976828010496,True,Compute Pipeline Bound (Balanced Design),256x256,128.0,4800.0,4800.0
DeepSeek-V3-MoE,moe,65536,128.0,131.072,671.1263573333334,669.0133333333334,0.9813333333333333,1.0769066666666667,0.15291733333333332,94.07471269950696,71.77330985985333,2.25116684288,True,Compute Pipeline Bound (Balanced Design),256x256,128.0,4800.0,4800.0
LLaMA-3-70B,dense,65536,128.0,131.072,144.96836266666665,144.17919999999998,0.39594666666666667,0.2525866666666667,0.180224,125.14414541618791,95.47740586562188,0.7976828010496,True,Compute Pipeline Bound (Balanced Design),256x256,128.0,4800.0,9600.0
DeepSeek-V3-MoE,moe,65536,128.0,131.072,670.5879040000001,669.0133333333334,0.9813333333333333,0.5384533333333333,0.15291733333333332,94.15025066005364,71.830940750163,2.25116684288,True,Compute Pipeline Bound (Balanced Design),256x256,128.0,4800.0,9600.0
LLaMA-3-70B,dense,65536,256.0,131.072,147.18293333333332,144.17919999999998,1.5837866666666667,1.0103466666666667,0.5679786666666666,123.2611787755102,94.0408163265306,0.7751342227456,True,Compute Pipeline Bound (Balanced Design),256x256,256.0,1200.0,2400.0
DeepSeek-V3-MoE,moe,65536,256.0,131.072,675.1586986666667,669.0133333333334,3.925333333333333,2.1538133333333334,0.458752,93.51285760797246,71.3446484435825,2.228618264576,True,Compute Pipeline Bound (Balanced Design),256x256,256.0,1200.0,2400.0
LLaMA-3-70B,dense,65536,256.0,131.072,146.67776,144.17919999999998,1.5837866666666667,0.5051733333333334,0.5679786666666666,123.68570298799214,94.36470259703991,0.7751342227456,True,Compute Pipeline Bound (Balanced Design),256x256,256.0,1200.0,4800.0
DeepSeek-V3-MoE,moe,65536,256.0,131.072,674.0817920000001,669.0133333333334,3.925333333333333,1.0769066666666667,0.458752,93.66225286085162,71.4586279761136,2.228618264576,True,Compute Pipeline Bound (Balanced Design),256x256,256.0,1200.0,4800.0
LLaMA-3-70B,dense,65536,256.0,131.072,146.42517333333333,144.17919999999998,1.5837866666666667,0.2525866666666667,0.5679786666666666,123.89906356473494,94.52748379877849,0.7751342227456,True,Compute Pipeline Bound (Balanced Design),256x256,256.0,1200.0,9600.0
DeepSeek-V3-MoE,moe,65536,256.0,131.072,673.5433386666667,669.0133333333334,3.925333333333333,0.5384533333333333,0.458752,93.7371296347208,71.51575442102111,2.228618264576,True,Compute Pipeline Bound (Balanced Design),256x256,256.0,1200.0,9600.0
LLaMA-3-70B,dense,65536,256.0,131.072,146.18623999999997,144.17919999999998,0.7918933333333333,1.0103466666666667,0.2839893333333333,124.10156973942281,94.68198374894928,0.7751342227456,True,Compute Pipeline Bound (Balanced Design),256x256,256.0,2400.0,2400.0
DeepSeek-V3-MoE,moe,65536,256.0,131.072,673.1629226666668,669.0133333333334,1.9626666666666666,2.1538133333333334,0.229376,93.79010210647527,71.55616920965215,2.228618264576,True,Compute Pipeline Bound (Balanced Design),256x256,256.0,2400.0,2400.0
LLaMA-3-70B,dense,65536,256.0,131.072,145.68106666666665,144.17919999999998,0.7918933333333333,0.5051733333333334,0.2839893333333333,124.53191257731957,95.0103092783505,0.7751342227456,True,Compute Pipeline Bound (Balanced Design),256x256,256.0,2400.0,4800.0
DeepSeek-V3-MoE,moe,65536,256.0,131.072,672.0860160000001,669.0133333333334,1.9626666666666666,1.0769066666666667,0.229376,93.94038523069045,71.6708261342548,2.228618264576,True,Compute Pipeline Bound (Balanced Design),256x256,256.0,2400.0,4800.0
LLaMA-3-70B,dense,65536,256.0,131.072,145.42847999999998,144.17919999999998,0.7918933333333333,0.2525866666666667,0.2839893333333333,124.74820515420365,95.17532741867343,0.7751342227456,True,Compute Pipeline Bound (Balanced Design),256x256,256.0,2400.0,9600.0
DeepSeek-V3-MoE,moe,65536,256.0,131.072,671.5475626666667,669.0133333333334,1.9626666666666666,0.5384533333333333,0.229376,94.01570754049266,71.7282924961034,2.228618264576,True,Compute Pipeline Bound (Balanced Design),256x256,256.0,2400.0,9600.0
LLaMA-3-70B,dense,65536,256.0,131.072,145.6878933333333,144.17919999999998,0.39594666666666667,1.0103466666666667,0.14199466666666666,124.52607724099151,95.00585727004356,0.7751342227456,True,Compute Pipeline Bound (Balanced Design),256x256,256.0,4800.0,2400.0
DeepSeek-V3-MoE,moe,65536,256.0,131.072,672.1650346666668,669.0133333333334,0.9813333333333333,2.1538133333333334,0.114688,93.9293417464206,71.66240062440536,2.228618264576,True,Compute Pipeline Bound (Balanced Design),256x256,256.0,4800.0,2400.0
LLaMA-3-70B,dense,65536,256.0,131.072,145.18272,144.17919999999998,0.39594666666666667,0.5051733333333334,0.14199466666666666,124.95937435463394,95.33643673296656,0.7751342227456,True,Compute Pipeline Bound (Balanced Design),256x256,256.0,4800.0,4800.0
DeepSeek-V3-MoE,moe,65536,256.0,131.072,671.0881280000001,669.0133333333334,0.9813333333333333,1.0769066666666667,0.114688,94.0800717773985,71.77739851180915,2.228618264576,True,Compute Pipeline Bound (Balanced Design),256x256,256.0,4800.0,4800.0
LLaMA-3-70B,dense,65536,256.0,131.072,144.93013333333332,144.17919999999998,0.39594666666666667,0.2525866666666667,0.14199466666666666,125.17715564766839,95.50259067357511,0.7751342227456,True,Compute Pipeline Bound (Balanced Design),256x256,256.0,4800.0,9600.0
DeepSeek-V3-MoE,moe,65536,256.0,131.072,670.5496746666668,669.0133333333334,0.9813333333333333,0.5384533333333333,0.114688,94.15561834786543,71.83503597096667,2.228618264576,True,Compute Pipeline Bound (Balanced Design),256x256,256.0,4800.0,9600.0
LLaMA-3-70B,dense,262144,64.0,524.288,39.27790933333332,36.044799999999995,1.5837866666666667,1.0103466666666667,0.7973546666666667,461.88664738598453,88.09788654060068,0.8089570902016,True,Compute Pipeline Bound (Balanced Design),512x512,64.0,1200.0,2400.0
DeepSeek-V3-MoE,moe,262144,64.0,524.288,173.62807466666672,167.25333333333336,3.925333333333333,2.1538133333333334,0.688128,363.62794077172884,69.35652556833817,2.2624411320320004,True,Compute Pipeline Bound (Balanced Design),512x512,64.0,1200.0,2400.0
LLaMA-3-70B,dense,262144,64.0,524.288,38.77273599999999,36.044799999999995,1.5837866666666667,0.5051733333333334,0.7973546666666667,467.90460849355594,89.2457215296852,0.8089570902016,True,Compute Pipeline Bound (Balanced Design),512x512,64.0,1200.0,4800.0
DeepSeek-V3-MoE,moe,262144,64.0,524.288,172.55116800000005,167.25333333333336,3.925333333333333,1.0769066666666667,0.688128,365.89737399633236,69.78938560415885,2.2624411320320004,True,Compute Pipeline Bound (Balanced Design),512x512,64.0,1200.0,4800.0
LLaMA-3-70B,dense,262144,64.0,524.288,38.52014933333332,36.044799999999995,1.5837866666666667,0.2525866666666667,0.7973546666666667,470.9727810583774,89.8309290043597,0.8089570902016,True,Compute Pipeline Bound (Balanced Design),512x512,64.0,1200.0,9600.0
DeepSeek-V3-MoE,moe,262144,64.0,524.288,172.0127146666667,167.25333333333336,3.925333333333333,0.5384533333333333,0.688128,367.04274665711523,70.00784810201935,2.2624411320320004,True,Compute Pipeline Bound (Balanced Design),512x512,64.0,1200.0,9600.0
LLaMA-3-70B,dense,262144,64.0,524.288,38.16652799999999,36.044799999999995,0.7918933333333333,1.0103466666666667,0.39867733333333333,475.3364481648423,90.66323245331617,0.8089570902016,True,Compute Pipeline Bound (Balanced Design),512x512,64.0,2400.0,2400.0
DeepSeek-V3-MoE,moe,262144,64.0,524.288,171.5176106666667,167.25333333333336,1.9626666666666666,2.1538133333333334,0.344064,368.1022549567854,70.20993327270229,2.2624411320320004,True,Compute Pipeline Bound (Balanced Design),512x512,64.0,2400.0,2400.0
LLaMA-3-70B,dense,262144,64.0,524.288,37.66135466666666,36.044799999999995,0.7918933333333333,0.5051733333333334,0.39867733333333333,481.7124083526682,91.87935034802784,0.8089570902016,True,Compute Pipeline Bound (Balanced Design),512x512,64.0,2400.0,4800.0
DeepSeek-V3-MoE,moe,262144,64.0,524.288,170.44070400000004,167.25333333333336,1.9626666666666666,1.0769066666666667,0.344064,370.42805955084526,70.6535452939692,2.2624411320320004,True,Compute Pipeline Bound (Balanced Design),512x512,64.0,2400.0,4800.0
LLaMA-3-70B,dense,262144,64.0,524.288,37.408767999999995,36.044799999999995,0.7918933333333333,0.2525866666666667,0.39867733333333333,484.96496485273184,92.49972626738202,0.8089570902016,True,Compute Pipeline Bound (Balanced Design),512x512,64.0,2400.0,9600.0
DeepSeek-V3-MoE,moe,262144,64.0,524.288,169.9022506666667,167.25333333333336,1.9626666666666666,0.5384533333333333,0.344064,371.6020182396955,70.87746014398488,2.2624411320320004,True,Compute Pipeline Bound (Balanced Design),512x512,64.0,2400.0,9600.0
LLaMA-3-70B,dense,262144,64.0,524.288,37.61083733333333,36.044799999999995,0.39594666666666667,1.0103466666666667,0.19933866666666666,482.359424692344,92.00275892111665,0.8089570902016,True,Compute Pipeline Bound (Balanced Design),512x512,64.0,4800.0,2400.0
DeepSeek-V3-MoE,moe,262144,64.0,524.288,170.4623786666667,167.25333333333336,0.9813333333333333,2.1538133333333334,0.172032,370.38095880769276,70.64456154016356,2.2624411320320004,True,Compute Pipeline Bound (Balanced Design),512x512,64.0,4800.0,2400.0
LLaMA-3-70B,dense,262144,64.0,524.288,37.105664,36.044799999999995,0.39594666666666667,0.5051733333333334,0.19933866666666666,488.9264846009493,93.25532619494426,0.8089570902016,True,Compute Pipeline Bound (Balanced Design),512x512,64.0,4800.0,4800.0
DeepSeek-V3-MoE,moe,262144,64.0,524.288,169.38547200000002,167.25333333333336,0.9813333333333333,1.0769066666666667,0.172032,372.7357400001813,71.09370040897012,2.2624411320320004,True,Compute Pipeline Bound (Balanced Design),512x512,64.0,4800.0,4800.0
LLaMA-3-70B,dense,262144,64.0,524.288,36.85307733333333,36.044799999999995,0.39594666666666667,0.2525866666666667,0.19933866666666666,492.2775293420272,93.8944872554831,0.8089570902016,True,Compute Pipeline Bound (Balanced Design),512x512,64.0,4800.0,9600.0
DeepSeek-V3-MoE,moe,262144,64.0,524.288,168.84701866666668,167.25333333333336,0.9813333333333333,0.5384533333333333,0.172032,373.9243946962514,71.32041829991367,2.2624411320320004,True,Compute Pipeline Bound (Balanced Design),512x512,64.0,4800.0,9600.0
LLaMA-3-70B,dense,262144,128.0,524.288,39.20145066666666,36.044799999999995,1.5837866666666667,1.0103466666666667,0.720896,462.7875129562553,88.26971301198107,0.7976828010496,True,Compute Pipeline Bound (Balanced Design),512x512,128.0,1200.0,2400.0
DeepSeek-V3-MoE,moe,262144,128.0,524.288,173.55161600000005,167.25333333333336,3.925333333333333,2.1538133333333334,0.6116693333333333,363.78813811333214,69.3870807863869,2.25116684288,True,Compute Pipeline Bound (Balanced Design),512x512,128.0,1200.0,2400.0
LLaMA-3-70B,dense,262144,128.0,524.288,38.69627733333333,36.044799999999995,1.5837866666666667,0.5051733333333334,0.720896,468.8291253969374,89.42205913485286,0.7976828010496,True,Compute Pipeline Bound (Balanced Design),512x512,128.0,1200.0,4800.0
DeepSeek-V3-MoE,moe,262144,128.0,524.288,172.47470933333338,167.25333333333336,3.925333333333333,1.0769066666666667,0.6116693333333333,366.05957763453955,69.82032349291603,2.25116684288,True,Compute Pipeline Bound (Balanced Design),512x512,128.0,1200.0,4800.0
LLaMA-3-70B,dense,262144,128.0,524.288,38.44369066666666,36.044799999999995,1.5837866666666667,0.2525866666666667,0.720896,471.90947444685156,90.00958908974677,0.7976828010496,True,Compute Pipeline Bound (Balanced Design),512x512,128.0,1200.0,9600.0
DeepSeek-V3-MoE,moe,262144,128.0,524.288,171.93625600000004,167.25333333333336,3.925333333333333,0.5384533333333333,0.6116693333333333,367.2059676069716,70.03898002757485,2.25116684288,True,Compute Pipeline Bound (Balanced Design),512x512,128.0,1200.0,9600.0
LLaMA-3-70B,dense,262144,128.0,524.288,38.12829866666666,36.044799999999995,0.7918933333333333,1.0103466666666667,0.360448,475.81304418821173,90.75413593067393,0.7976828010496,True,Compute Pipeline Bound (Balanced Design),512x512,128.0,2400.0,2400.0
DeepSeek-V3-MoE,moe,262144,128.0,524.288,171.47938133333338,167.25333333333336,1.9626666666666666,2.1538133333333334,0.30583466666666664,368.1843190725763,70.22558576060796,2.25116684288,True,Compute Pipeline Bound (Balanced Design),512x512,128.0,2400.0,2400.0
LLaMA-3-70B,dense,262144,128.0,524.288,37.62312533333333,36.044799999999995,0.7918933333333333,0.5051733333333334,0.360448,482.2018824212513,91.97271011757874,0.7976828010496,True,Compute Pipeline Bound (Balanced Design),512x512,128.0,2400.0,4800.0
DeepSeek-V3-MoE,moe,262144,128.0,524.288,170.4024746666667,167.25333333333336,1.9626666666666666,1.0769066666666667,0.30583466666666664,370.51116408199886,70.66939622535683,2.25116684288,True,Compute Pipeline Bound (Balanced Design),512x512,128.0,2400.0,4800.0
LLaMA-3-70B,dense,262144,128.0,524.288,37.37053866666666,36.044799999999995,0.7918933333333333,0.2525866666666667,0.360448,485.4610745679734,92.59435168609112,0.7976828010496,True,Compute Pipeline Bound (Balanced Design),512x512,128.0,2400.0,9600.0
DeepSeek-V3-MoE,moe,262144,128.0,524.288,169.86402133333337,167.25333333333336,1.9626666666666666,0.5384533333333333,0.30583466666666664,371.6856504138965,70.89341171529703,2.25116684288,True,Compute Pipeline Bound (Balanced Design),512x512,128.0,2400.0,9600.0
LLaMA-3-70B,dense,262144,128.0,524.288,37.59172266666666,36.044799999999995,0.39594666666666667,1.0103466666666667,0.180224,482.60469516580105,92.0495405513384,0.7976828010496,True,Compute Pipeline Bound (Balanced Design),512x512,128.0,4800.0,2400.0
DeepSeek-V3-MoE,moe,262144,128.0,524.288,170.44326400000003,167.25333333333336,0.9813333333333333,2.1538133333333334,0.15291733333333332,370.4224958470637,70.6524841016891,2.25116684288,True,Compute Pipeline Bound (Balanced Design),512x512,128.0,4800.0,2400.0
LLaMA-3-70B,dense,262144,128.0,524.288,37.08654933333333,36.044799999999995,0.39594666666666667,0.5051733333333334,0.180224,489.1784807274601,93.30339064168169,0.7976828010496,True,Compute Pipeline Bound (Balanced Design),512x512,128.0,4800.0,4800.0
DeepSeek-V3-MoE,moe,262144,128.0,524.288,169.36635733333335,167.25333333333336,0.9813333333333333,1.0769066666666667,0.15291733333333332,372.7778069108537,71.10172403542589,2.25116684288,True,Compute Pipeline Bound (Balanced Design),512x512,128.0,4800.0,4800.0
LLaMA-3-70B,dense,262144,128.0,524.288,36.833962666666665,36.044799999999995,0.39594666666666667,0.2525866666666667,0.180224,492.5329925124175,93.94321298836088,0.7976828010496,True,Compute Pipeline Bound (Balanced Design),512x512,128.0,4800.0,9600.0
DeepSeek-V3-MoE,moe,262144,128.0,524.288,168.82790400000002,167.25333333333336,0.9813333333333333,0.5384533333333333,0.15291733333333332,373.96673035282123,71.32849318558144,2.25116684288,True,Compute Pipeline Bound (Balanced Design),512x512,128.0,4800.0,9600.0
LLaMA-3-70B,dense,262144,256.0,524.288,39.048533333333324,36.044799999999995,1.5837866666666667,1.0103466666666667,0.5679786666666666,464.59982769230777,88.61538461538463,0.7751342227456,True,Compute Pipeline Bound (Balanced Design),512x512,256.0,1200.0,2400.0
DeepSeek-V3-MoE,moe,262144,256.0,524.288,173.39869866666672,167.25333333333336,3.925333333333333,2.1538133333333334,0.458752,364.1089566223887,69.44827206084989,2.228618264576,True,Compute Pipeline Bound (Balanced Design),512x512,256.0,1200.0,2400.0
LLaMA-3-70B,dense,262144,256.0,524.288,38.54335999999999,36.044799999999995,1.5837866666666667,0.5051733333333334,0.5679786666666666,470.6891630180659,89.7768331562168,0.7751342227456,True,Compute Pipeline Bound (Balanced Design),512x512,256.0,1200.0,4800.0
DeepSeek-V3-MoE,moe,262144,256.0,524.288,172.32179200000004,167.25333333333336,3.925333333333333,1.0769066666666667,0.458752,366.3844167265854,69.88228163272579,2.228618264576,True,Compute Pipeline Bound (Balanced Design),512x512,256.0,1200.0,4800.0
LLaMA-3-70B,dense,262144,256.0,524.288,38.29077333333333,36.044799999999995,1.5837866666666667,0.2525866666666667,0.5679786666666666,473.79408350864685,90.36904974148689,0.7751342227456,True,Compute Pipeline Bound (Balanced Design),512x512,256.0,1200.0,9600.0
DeepSeek-V3-MoE,moe,262144,256.0,524.288,171.7833386666667,167.25333333333336,3.925333333333333,0.5384533333333333,0.458752,367.53284539259613,70.10132701732562,2.228618264576,True,Compute Pipeline Bound (Balanced Design),512x512,256.0,1200.0,9600.0
LLaMA-3-70B,dense,262144,256.0,524.288,38.05183999999999,36.044799999999995,0.7918933333333333,1.0103466666666667,0.2839893333333333,476.7691091496233,90.93649085037676,0.7751342227456,True,Compute Pipeline Bound (Balanced Design),512x512,256.0,2400.0,2400.0
DeepSeek-V3-MoE,moe,262144,256.0,524.288,171.4029226666667,167.25333333333336,1.9626666666666666,2.1538133333333334,0.229376,368.34855712456454,70.25691168299953,2.228618264576,True,Compute Pipeline Bound (Balanced Design),512x512,256.0,2400.0,2400.0
LLaMA-3-70B,dense,262144,256.0,524.288,37.54666666666666,36.044799999999995,0.7918933333333333,0.5051733333333334,0.2839893333333333,483.18382080000003,92.16000000000001,0.7751342227456,True,Compute Pipeline Bound (Balanced Design),512x512,256.0,2400.0,4800.0
DeepSeek-V3-MoE,moe,262144,256.0,524.288,170.32601600000004,167.25333333333336,1.9626666666666666,1.0769066666666667,0.229376,370.67748506018006,70.70111943439103,2.228618264576,True,Compute Pipeline Bound (Balanced Design),512x512,256.0,2400.0,4800.0
LLaMA-3-70B,dense,262144,256.0,524.288,37.294079999999994,36.044799999999995,0.7918933333333333,0.2525866666666667,0.2839893333333333,486.45634530477764,92.7841845140033,0.7751342227456,True,Compute Pipeline Bound (Balanced Design),512x512,256.0,2400.0,9600.0
DeepSeek-V3-MoE,moe,262144,256.0,524.288,169.7875626666667,167.25333333333336,1.9626666666666666,0.5384533333333333,0.229376,371.8530277459191,70.92533640783675,2.228618264576,True,Compute Pipeline Bound (Balanced Design),512x512,256.0,2400.0,9600.0
LLaMA-3-70B,dense,262144,256.0,524.288,37.55349333333333,36.044799999999995,0.39594666666666667,1.0103466666666667,0.14199466666666666,483.09598516633343,92.14324668242139,0.7751342227456,True,Compute Pipeline Bound (Balanced Design),512x512,256.0,4800.0,2400.0
DeepSeek-V3-MoE,moe,262144,256.0,524.288,170.4050346666667,167.25333333333336,0.9813333333333333,2.1538133333333334,0.114688,370.5055978815523,70.66833455687566,2.228618264576,True,Compute Pipeline Bound (Balanced Design),512x512,256.0,4800.0,2400.0
LLaMA-3-70B,dense,262144,256.0,524.288,37.04832,36.044799999999995,0.39594666666666667,0.5051733333333334,0.14199466666666666,489.68325306799335,93.39966832504145,0.7751342227456,True,Compute Pipeline Bound (Balanced Design),512x512,256.0,4800.0,4800.0
DeepSeek-V3-MoE,moe,262144,256.0,524.288,169.32812800000002,167.25333333333336,0.9813333333333333,1.0769066666666667,0.114688,372.8619692246287,71.1177767228372,2.228618264576,True,Compute Pipeline Bound (Balanced Design),512x512,256.0,4800.0,4800.0
LLaMA-3-70B,dense,262144,256.0,524.288,36.79573333333333,36.044799999999995,0.39594666666666667,0.2525866666666667,0.14199466666666666,493.0447151020408,94.0408163265306,0.7751342227456,True,Compute Pipeline Bound (Balanced Design),512x512,256.0,4800.0,9600.0
DeepSeek-V3-MoE,moe,262144,256.0,524.288,168.78967466666668,167.25333333333336,0.9813333333333333,0.5384533333333333,0.114688,374.05143043188986,71.3446484435825,2.228618264576,True,Compute Pipeline Bound (Balanced Design),512x512,256.0,4800.0,9600.0
LLaMA-3-70B,dense,506944,64.0,1013.888,21.872107035643648,18.638997702310313,1.5837866666666667,1.0103466666666667,0.7973546666666667,829.455608860142,81.80939204923443,0.8089570902016,True,Compute Pipeline Bound (Balanced Design),712x712,64.0,1200.0,2400.0
DeepSeek-V3-MoE,moe,506944,64.0,1013.888,92.86251476261414,86.48777342928081,3.925333333333333,2.1538133333333334,0.688128,679.8870288253077,67.05740957830724,2.2624411320320004,True,Compute Pipeline Bound (Balanced Design),712x712,64.0,1200.0,2400.0
LLaMA-3-70B,dense,506944,64.0,1013.888,21.366933702310313,18.638997702310313,1.5837866666666667,0.5051733333333334,0.7973546666666667,849.0662306095137,83.74359205449849,0.8089570902016,True,Compute Pipeline Bound (Balanced Design),712x712,64.0,1200.0,4800.0
DeepSeek-V3-MoE,moe,506944,64.0,1013.888,91.78560809594748,86.48777342928081,3.925333333333333,1.0769066666666667,0.688128,687.8640405716022,67.84418402936046,2.2624411320320004,True,Compute Pipeline Bound (Balanced Design),712x712,64.0,1200.0,4800.0
LLaMA-3-70B,dense,506944,64.0,1013.888,21.114347035643647,18.638997702310313,1.5837866666666667,0.2525866666666667,0.7973546666666667,859.2234383416234,84.74539972281192,0.8089570902016,True,Compute Pipeline Bound (Balanced Design),712x712,64.0,1200.0,9600.0
DeepSeek-V3-MoE,moe,506944,64.0,1013.888,91.24715476261414,86.48777342928081,3.925333333333333,0.5384533333333333,0.688128,691.9231554721105,68.24453543903375,2.2624411320320004,True,Compute Pipeline Bound (Balanced Design),712x712,64.0,1200.0,9600.0
LLaMA-3-70B,dense,506944,64.0,1013.888,20.76072570231031,18.638997702310313,0.7918933333333333,1.0103466666666667,0.39867733333333333,873.8587522634198,86.18888400527669,0.8089570902016,True,Compute Pipeline Bound (Balanced Design),712x712,64.0,2400.0,2400.0
DeepSeek-V3-MoE,moe,506944,64.0,1013.888,90.75205076261415,86.48777342928081,1.9626666666666666,2.1538133333333334,0.344064,695.6979894189814,68.6168481547253,2.2624411320320004,True,Compute Pipeline Bound (Balanced Design),712x712,64.0,2400.0,2400.0
LLaMA-3-70B,dense,506944,64.0,1013.888,20.255552368976975,18.638997702310313,0.7918933333333333,0.5051733333333334,0.39867733333333333,895.6527833864386,88.33843416496087,0.8089570902016,True,Compute Pipeline Bound (Balanced Design),712x712,64.0,2400.0,4800.0
DeepSeek-V3-MoE,moe,506944,64.0,1013.888,89.67514409594749,86.48777342928081,1.9626666666666666,1.0769066666666667,0.344064,704.0526099812889,69.4408662476811,2.2624411320320004,True,Compute Pipeline Bound (Balanced Design),712x712,64.0,2400.0,4800.0
LLaMA-3-70B,dense,506944,64.0,1013.888,20.00296570231031,18.638997702310313,0.7918933333333333,0.2525866666666667,0.39867733333333333,906.9626038607182,89.4539242855935,0.8089570902016,True,Compute Pipeline Bound (Balanced Design),712x712,64.0,2400.0,9600.0
DeepSeek-V3-MoE,moe,506944,64.0,1013.888,89.13669076261415,86.48777342928081,1.9626666666666666,0.5384533333333333,0.344064,708.305622645805,69.86034183714621,2.2624411320320004,True,Compute Pipeline Bound (Balanced Design),712x712,64.0,2400.0,9600.0
LLaMA-3-70B,dense,506944,64.0,1013.888,20.205035035643647,18.638997702310313,0.39594666666666667,1.0103466666666667,0.19933866666666666,897.8921257151917,88.5593009992417,0.8089570902016,True,Compute Pipeline Bound (Balanced Design),712x712,64.0,4800.0,2400.0
DeepSeek-V3-MoE,moe,506944,64.0,1013.888,89.69681876261414,86.48777342928081,0.9813333333333333,2.1538133333333334,0.172032,703.8824801389194,69.42408630331155,2.2624411320320004,True,Compute Pipeline Bound (Balanced Design),712x712,64.0,4800.0,2400.0
LLaMA-3-70B,dense,506944,64.0,1013.888,19.69986170231031,18.638997702310313,0.39594666666666667,0.5051733333333334,0.19933866666666666,920.9172192399905,90.8302711187025,0.8089570902016,True,Compute Pipeline Bound (Balanced Design),712x712,64.0,4800.0,4800.0
DeepSeek-V3-MoE,moe,506944,64.0,1013.888,88.61991209594748,86.48777342928081,0.9813333333333333,1.0769066666666667,0.172032,712.4360401400935,70.26772583757707,2.2624411320320004,True,Compute Pipeline Bound (Balanced Design),712x712,64.0,4800.0,4800.0
LLaMA-3-70B,dense,506944,64.0,1013.888,19.447275035643646,18.638997702310313,0.39594666666666667,0.2525866666666667,0.19933866666666666,932.8783505685406,92.01000017443155,0.8089570902016,True,Compute Pipeline Bound (Balanced Design),712x712,64.0,4800.0,9600.0
DeepSeek-V3-MoE,moe,506944,64.0,1013.888,88.08145876261415,86.48777342928081,0.9813333333333333,0.5384533333333333,0.172032,716.7912536661785,70.6972815208562,2.2624411320320004,True,Compute Pipeline Bound (Balanced Design),712x712,64.0,4800.0,9600.0
LLaMA-3-70B,dense,506944,128.0,1013.888,21.79564836897698,18.638997702310313,1.5837866666666667,1.0103466666666667,0.720896,832.3653213329723,82.09637764062423,0.7976828010496,True,Compute Pipeline Bound (Balanced Design),712x712,128.0,1200.0,2400.0
DeepSeek-V3-MoE,moe,506944,128.0,1013.888,92.78605609594747,86.48777342928081,3.925333333333333,2.1538133333333334,0.6116693333333333,680.447277400311,67.11266702045108,2.25116684288,True,Compute Pipeline Bound (Balanced Design),712x712,128.0,1200.0,2400.0
LLaMA-3-70B,dense,506944,128.0,1013.888,21.290475035643645,18.638997702310313,1.5837866666666667,0.5051733333333334,0.720896,852.1154097281295,84.04433327232688,0.7976828010496,True,Compute Pipeline Bound (Balanced Design),712x712,128.0,1200.0,4800.0
DeepSeek-V3-MoE,moe,506944,128.0,1013.888,91.70914942928081,86.48777342928081,3.925333333333333,1.0769066666666667,0.6116693333333333,688.4375184385037,67.90074627952039,2.25116684288,True,Compute Pipeline Bound (Balanced Design),712x712,128.0,1200.0,4800.0
LLaMA-3-70B,dense,506944,128.0,1013.888,21.03788836897698,18.638997702310313,1.5837866666666667,0.2525866666666667,0.720896,862.3461414053598,85.05339262377697,0.7976828010496,True,Compute Pipeline Bound (Balanced Design),712x712,128.0,1200.0,9600.0
DeepSeek-V3-MoE,moe,506944,128.0,1013.888,91.17069609594748,86.48777342928081,3.925333333333333,0.5384533333333333,0.6116693333333333,692.5034243980767,68.30176749286674,2.25116684288,True,Compute Pipeline Bound (Balanced Design),712x712,128.0,1200.0,9600.0
LLaMA-3-70B,dense,506944,128.0,1013.888,20.72249636897698,18.638997702310313,0.7918933333333333,1.0103466666666667,0.360448,875.4708667949749,86.34788722176165,0.7976828010496,True,Compute Pipeline Bound (Balanced Design),712x712,128.0,2400.0,2400.0
DeepSeek-V3-MoE,moe,506944,128.0,1013.888,90.71382142928081,86.48777342928081,1.9626666666666666,2.1538133333333334,0.30583466666666664,695.9911759468752,68.64576520748595,2.25116684288,True,Compute Pipeline Bound (Balanced Design),712x712,128.0,2400.0,2400.0
LLaMA-3-70B,dense,506944,128.0,1013.888,20.217323035643645,18.638997702310313,0.7918933333333333,0.5051733333333334,0.360448,897.3463908312343,88.5054750456889,0.7976828010496,True,Compute Pipeline Bound (Balanced Design),712x712,128.0,2400.0,4800.0
DeepSeek-V3-MoE,moe,506944,128.0,1013.888,89.63691476261415,86.48777342928081,1.9626666666666666,1.0769066666666667,0.30583466666666664,704.3528820509207,69.47048214900666,2.25116684288,True,Compute Pipeline Bound (Balanced Design),712x712,128.0,2400.0,4800.0
LLaMA-3-70B,dense,506944,128.0,1013.888,19.96473636897698,18.638997702310313,0.7918933333333333,0.2525866666666667,0.360448,908.6992947472422,89.62521449580646,0.7976828010496,True,Compute Pipeline Bound (Balanced Design),712x712,128.0,2400.0,9600.0
DeepSeek-V3-MoE,moe,506944,128.0,1013.888,89.09846142928082,86.48777342928081,1.9626666666666666,0.5384533333333333,0.30583466666666664,708.609534198436,69.89031670149326,2.25116684288,True,Compute Pipeline Bound (Balanced Design),712x712,128.0,2400.0,9600.0
LLaMA-3-70B,dense,506944,128.0,1013.888,20.18592036897698,18.638997702310313,0.39594666666666667,1.0103466666666667,0.180224,898.7423672881272,88.64316051557245,0.7976828010496,True,Compute Pipeline Bound (Balanced Design),712x712,128.0,4800.0,2400.0
DeepSeek-V3-MoE,moe,506944,128.0,1013.888,89.67770409594748,86.48777342928081,0.9813333333333333,2.1538133333333334,0.15291733333333332,704.0325116223968,69.43888394205246,2.25116684288,True,Compute Pipeline Bound (Balanced Design),712x712,128.0,4800.0,2400.0
LLaMA-3-70B,dense,506944,128.0,1013.888,19.680747035643645,18.638997702310313,0.39594666666666667,0.5051733333333334,0.180224,921.8116479749102,90.91848882469368,0.7976828010496,True,Compute Pipeline Bound (Balanced Design),712x712,128.0,4800.0,4800.0
DeepSeek-V3-MoE,moe,506944,128.0,1013.888,88.60079742928082,86.48777342928081,0.9813333333333333,1.0769066666666667,0.15291733333333332,712.5897405335857,70.28288534173258,2.25116684288,True,Compute Pipeline Bound (Balanced Design),712x712,128.0,4800.0,4800.0
LLaMA-3-70B,dense,506944,128.0,1013.888,19.42816036897698,18.638997702310313,0.39594666666666667,0.2525866666666667,0.180224,933.7961759505124,92.1005254969496,0.7976828010496,True,Compute Pipeline Bound (Balanced Design),712x712,128.0,4800.0,9600.0
DeepSeek-V3-MoE,moe,506944,128.0,1013.888,88.06234409594748,86.48777342928081,0.9813333333333333,0.5384533333333333,0.15291733333333332,716.9468391894128,70.71262695577941,2.25116684288,True,Compute Pipeline Bound (Balanced Design),712x712,128.0,4800.0,9600.0
LLaMA-3-70B,dense,506944,256.0,1013.888,21.642731035643646,18.638997702310313,1.5837866666666667,1.0103466666666667,0.5679786666666666,838.2464222479981,82.67643193804425,0.7751342227456,True,Compute Pipeline Bound (Balanced Design),712x712,256.0,1200.0,2400.0
DeepSeek-V3-MoE,moe,506944,256.0,1013.888,92.63313876261414,86.48777342928081,3.925333333333333,2.1538133333333334,0.458752,681.5705490990131,67.22345555909656,2.228618264576,True,Compute Pipeline Bound (Balanced Design),712x712,256.0,1200.0,2400.0
LLaMA-3-70B,dense,506944,256.0,1013.888,21.13755770231031,18.638997702310313,1.5837866666666667,0.5051733333333334,0.5679786666666666,858.2799448169503,84.65234274564352,0.7751342227456,True,Compute Pipeline Bound (Balanced Design),712x712,256.0,1200.0,4800.0
DeepSeek-V3-MoE,moe,506944,256.0,1013.888,91.55623209594748,86.48777342928081,3.925333333333333,1.0769066666666667,0.458752,689.5873476426578,68.01415419086308,2.228618264576,True,Compute Pipeline Bound (Balanced Design),712x712,256.0,1200.0,4800.0
LLaMA-3-70B,dense,506944,256.0,1013.888,20.884971035643645,18.638997702310313,1.5837866666666667,0.2525866666666667,0.5679786666666666,868.6601397407632,85.67614369050261,0.7751342227456,True,Compute Pipeline Bound (Balanced Design),712x712,256.0,1200.0,9600.0
DeepSeek-V3-MoE,moe,506944,256.0,1013.888,91.01777876261414,86.48777342928081,3.925333333333333,0.5384533333333333,0.458752,693.666886948172,68.41652006416605,2.228618264576,True,Compute Pipeline Bound (Balanced Design),712x712,256.0,1200.0,9600.0
LLaMA-3-70B,dense,506944,256.0,1013.888,20.646037702310313,18.638997702310313,0.7918933333333333,1.0103466666666667,0.2839893333333333,878.7130063350555,86.6676601690774,0.7751342227456,True,Compute Pipeline Bound (Balanced Design),712x712,256.0,2400.0,2400.0
DeepSeek-V3-MoE,moe,506944,256.0,1013.888,90.63736276261415,86.48777342928081,1.9626666666666666,2.1538133333333334,0.229376,696.5782909698931,68.70367249340096,2.228618264576,True,Compute Pipeline Bound (Balanced Design),712x712,256.0,2400.0,2400.0
LLaMA-3-70B,dense,506944,256.0,1013.888,20.140864368976978,18.638997702310313,0.7918933333333333,0.5051733333333334,0.2839893333333333,900.7528935177218,88.84145916686278,0.7751342227456,True,Compute Pipeline Bound (Balanced Design),712x712,256.0,2400.0,4800.0
DeepSeek-V3-MoE,moe,506944,256.0,1013.888,89.56045609594749,86.48777342928081,1.9626666666666666,1.0769066666666667,0.229376,704.9541952260874,69.52978980184078,2.228618264576,True,Compute Pipeline Bound (Balanced Design),712x712,256.0,2400.0,4800.0
LLaMA-3-70B,dense,506944,256.0,1013.888,19.88827770231031,18.638997702310313,0.7918933333333333,0.2525866666666667,0.2839893333333333,912.1927061686467,89.96977044492554,0.7751342227456,True,Compute Pipeline Bound (Balanced Design),712x712,256.0,2400.0,9600.0
DeepSeek-V3-MoE,moe,506944,256.0,1013.888,89.02200276261415,86.48777342928081,1.9626666666666666,0.5384533333333333,0.229376,709.218140368717,69.95034366406514,2.228618264576,True,Compute Pipeline Bound (Balanced Design),712x712,256.0,2400.0,9600.0
LLaMA-3-70B,dense,506944,256.0,1013.888,20.147691035643646,18.638997702310313,0.39594666666666667,1.0103466666666667,0.14199466666666666,900.4476903188936,88.81135690716269,0.7751342227456,True,Compute Pipeline Bound (Balanced Design),712x712,256.0,4800.0,2400.0
DeepSeek-V3-MoE,moe,506944,256.0,1013.888,89.63947476261414,86.48777342928081,0.9813333333333333,2.1538133333333334,0.114688,704.3327665450811,69.46849815217075,2.228618264576,True,Compute Pipeline Bound (Balanced Design),712x712,256.0,4800.0,2400.0
LLaMA-3-70B,dense,506944,256.0,1013.888,19.64251770231031,18.638997702310313,0.39594666666666667,0.5051733333333334,0.14199466666666666,923.6057278018989,91.09543931892861,0.7751342227456,True,Compute Pipeline Bound (Balanced Design),712x712,256.0,4800.0,4800.0
DeepSeek-V3-MoE,moe,506944,256.0,1013.888,88.56256809594748,86.48777342928081,0.9813333333333333,1.0769066666666667,0.114688,712.8973403616671,70.31322398151148,2.228618264576,True,Compute Pipeline Bound (Balanced Design),712x712,256.0,4800.0,4800.0
LLaMA-3-70B,dense,506944,256.0,1013.888,19.389931035643645,18.638997702310313,0.39594666666666667,0.2525866666666667,0.14199466666666666,935.6372554886592,92.28211158319846,0.7751342227456,True,Compute Pipeline Bound (Balanced Design),712x712,256.0,4800.0,9600.0
DeepSeek-V3-MoE,moe,506944,256.0,1013.888,88.02411476261415,86.48777342928081,0.9813333333333333,0.5384533333333333,0.114688,717.2582129507005,70.74333781943375,2.228618264576,True,Compute Pipeline Bound (Balanced Design),712x712,256.0,4800.0,9600.0
