model_name,model_type,total_tiles,total_sram_mb,peak_compute_tflops,latency_ms,achieved_tflops,pcu_utilization_pct,total_energy_j,sram_spilled,pipeline_stalls,bottleneck,grid_dim,sram_mb_size,hbm_bandwidth_gb_s,bus_bandwidth_gb_s
LLaMA-3-70B,dense,65536,64,131.072,158.947,114.138,87.0805,0.808957,Yes,17302016,Compute Pipeline Bound (Balanced Design),256x256,64,1200,2400
DeepSeek-V3-MoE,moe,65536,64,131.072,65.2102,105.118,80.1987,0.85541,Yes,6537728,Compute Pipeline Bound (Balanced Design),256x256,64,1200,2400
LLaMA-3-70B,dense,65536,64,131.072,158.442,114.502,87.3582,0.808957,Yes,17302016,Compute Pipeline Bound (Balanced Design),256x256,64,1200,4800
DeepSeek-V3-MoE,moe,65536,64,131.072,64.1333,106.883,81.5454,0.85541,Yes,6537728,Compute Pipeline Bound (Balanced Design),256x256,64,1200,4800
LLaMA-3-70B,dense,65536,64,131.072,158.189,114.685,87.4977,0.808957,Yes,17302016,Compute Pipeline Bound (Balanced Design),256x256,64,1200,9600
DeepSeek-V3-MoE,moe,65536,64,131.072,63.5948,107.788,82.2358,0.85541,Yes,6537728,Compute Pipeline Bound (Balanced Design),256x256,64,1200,9600
LLaMA-3-70B,dense,65536,64,131.072,157.836,114.942,87.6937,0.808957,Yes,17302016,Compute Pipeline Bound (Balanced Design),256x256,64,2400,2400
DeepSeek-V3-MoE,moe,65536,64,131.072,63.0997,108.634,82.8811,0.85541,Yes,6537728,Compute Pipeline Bound (Balanced Design),256x256,64,2400,2400
LLaMA-3-70B,dense,65536,64,131.072,157.331,115.311,87.9753,0.808957,Yes,17302016,Compute Pipeline Bound (Balanced Design),256x256,64,2400,4800
DeepSeek-V3-MoE,moe,65536,64,131.072,62.0228,110.52,84.3201,0.85541,Yes,6537728,Compute Pipeline Bound (Balanced Design),256x256,64,2400,4800
LLaMA-3-70B,dense,65536,64,131.072,157.078,115.496,88.1167,0.808957,Yes,17302016,Compute Pipeline Bound (Balanced Design),256x256,64,2400,9600
DeepSeek-V3-MoE,moe,65536,64,131.072,61.4844,111.488,85.0586,0.85541,Yes,6537728,Compute Pipeline Bound (Balanced Design),256x256,64,2400,9600
LLaMA-3-70B,dense,65536,64,131.072,157.28,115.348,88.0035,0.808957,Yes,17302016,Compute Pipeline Bound (Balanced Design),256x256,64,4800,2400
DeepSeek-V3-MoE,moe,65536,64,131.072,62.0445,110.481,84.2907,0.85541,Yes,6537728,Compute Pipeline Bound (Balanced Design),256x256,64,4800,2400
LLaMA-3-70B,dense,65536,64,131.072,156.775,115.72,88.2871,0.808957,Yes,17302016,Compute Pipeline Bound (Balanced Design),256x256,64,4800,4800
DeepSeek-V3-MoE,moe,65536,64,131.072,60.9676,112.433,85.7795,0.85541,Yes,6537728,Compute Pipeline Bound (Balanced Design),256x256,64,4800,4800
LLaMA-3-70B,dense,65536,64,131.072,156.522,115.906,88.4296,0.808957,Yes,17302016,Compute Pipeline Bound (Balanced Design),256x256,64,4800,9600
DeepSeek-V3-MoE,moe,65536,64,131.072,60.4291,113.435,86.5439,0.85541,Yes,6537728,Compute Pipeline Bound (Balanced Design),256x256,64,4800,9600
LLaMA-3-70B,dense,65536,128,131.072,158.871,114.193,87.1224,0.797683,Yes,17302016,Compute Pipeline Bound (Balanced Design),256x256,128,1200,2400
DeepSeek-V3-MoE,moe,65536,128,131.072,65.1337,105.241,80.2928,0.844136,Yes,6537728,Compute Pipeline Bound (Balanced Design),256x256,128,1200,2400
LLaMA-3-70B,dense,65536,128,131.072,158.366,114.557,87.4004,0.797683,Yes,17302016,Compute Pipeline Bound (Balanced Design),256x256,128,1200,4800
DeepSeek-V3-MoE,moe,65536,128,131.072,64.0568,107.011,81.6427,0.844136,Yes,6537728,Compute Pipeline Bound (Balanced Design),256x256,128,1200,4800
LLaMA-3-70B,dense,65536,128,131.072,158.113,114.74,87.54,0.797683,Yes,17302016,Compute Pipeline Bound (Balanced Design),256x256,128,1200,9600
DeepSeek-V3-MoE,moe,65536,128,131.072,63.5184,107.918,82.3348,0.844136,Yes,6537728,Compute Pipeline Bound (Balanced Design),256x256,128,1200,9600
LLaMA-3-70B,dense,65536,128,131.072,157.798,114.97,87.7149,0.797683,Yes,17302016,Compute Pipeline Bound (Balanced Design),256x256,128,2400,2400
DeepSeek-V3-MoE,moe,65536,128,131.072,63.0615,108.7,82.9313,0.844136,Yes,6537728,Compute Pipeline Bound (Balanced Design),256x256,128,2400,2400
LLaMA-3-70B,dense,65536,128,131.072,157.292,115.339,87.9967,0.797683,Yes,17302016,Compute Pipeline Bound (Balanced Design),256x256,128,2400,4800
DeepSeek-V3-MoE,moe,65536,128,131.072,61.9846,110.588,84.3721,0.844136,Yes,6537728,Compute Pipeline Bound (Balanced Design),256x256,128,2400,4800
LLaMA-3-70B,dense,65536,128,131.072,157.04,115.524,88.1382,0.797683,Yes,17302016,Compute Pipeline Bound (Balanced Design),256x256,128,2400,9600
DeepSeek-V3-MoE,moe,65536,128,131.072,61.4461,111.557,85.1115,0.844136,Yes,6537728,Compute Pipeline Bound (Balanced Design),256x256,128,2400,9600
LLaMA-3-70B,dense,65536,128,131.072,157.261,115.362,88.0142,0.797683,Yes,17302016,Compute Pipeline Bound (Balanced Design),256x256,128,4800,2400
DeepSeek-V3-MoE,moe,65536,128,131.072,62.0254,110.516,84.3166,0.844136,Yes,6537728,Compute Pipeline Bound (Balanced Design),256x256,128,4800,2400
LLaMA-3-70B,dense,65536,128,131.072,156.756,115.734,88.2979,0.797683,Yes,17302016,Compute Pipeline Bound (Balanced Design),256x256,128,4800,4800
DeepSeek-V3-MoE,moe,65536,128,131.072,60.9485,112.468,85.8065,0.844136,Yes,6537728,Compute Pipeline Bound (Balanced Design),256x256,128,4800,4800
LLaMA-3-70B,dense,65536,128,131.072,156.503,115.921,88.4404,0.797683,Yes,17302016,Compute Pipeline Bound (Balanced Design),256x256,128,4800,9600
DeepSeek-V3-MoE,moe,65536,128,131.072,60.41,113.471,86.5713,0.844136,Yes,6537728,Compute Pipeline Bound (Balanced Design),256x256,128,4800,9600
LLaMA-3-70B,dense,65536,256,131.072,158.718,114.303,87.2064,0.775134,Yes,17302016,Compute Pipeline Bound (Balanced Design),256x256,256,1200,2400
DeepSeek-V3-MoE,moe,65536,256,131.072,64.9808,105.489,80.4818,0.821587,Yes,6537728,Compute Pipeline Bound (Balanced Design),256x256,256,1200,2400
LLaMA-3-70B,dense,65536,256,131.072,158.213,114.668,87.4848,0.775134,Yes,17302016,Compute Pipeline Bound (Balanced Design),256x256,256,1200,4800
DeepSeek-V3-MoE,moe,65536,256,131.072,63.9039,107.267,81.8381,0.821587,Yes,6537728,Compute Pipeline Bound (Balanced Design),256x256,256,1200,4800
LLaMA-3-70B,dense,65536,256,131.072,157.96,114.851,87.6247,0.775134,Yes,17302016,Compute Pipeline Bound (Balanced Design),256x256,256,1200,9600
DeepSeek-V3-MoE,moe,65536,256,131.072,63.3655,108.178,82.5335,0.821587,Yes,6537728,Compute Pipeline Bound (Balanced Design),256x256,256,1200,9600
LLaMA-3-70B,dense,65536,256,131.072,157.721,115.025,87.7575,0.775134,Yes,17302016,Compute Pipeline Bound (Balanced Design),256x256,256,2400,2400
DeepSeek-V3-MoE,moe,65536,256,131.072,62.985,108.832,83.032,0.821587,Yes,6537728,Compute Pipeline Bound (Balanced Design),256x256,256,2400,2400
LLaMA-3-70B,dense,65536,256,131.072,157.216,115.395,88.0395,0.775134,Yes,17302016,Compute Pipeline Bound (Balanced Design),256x256,256,2400,4800
DeepSeek-V3-MoE,moe,65536,256,131.072,61.9081,110.725,84.4763,0.821587,Yes,6537728,Compute Pipeline Bound (Balanced Design),256x256,256,2400,4800
LLaMA-3-70B,dense,65536,256,131.072,156.963,115.581,88.1811,0.775134,Yes,17302016,Compute Pipeline Bound (Balanced Design),256x256,256,2400,9600
DeepSeek-V3-MoE,moe,65536,256,131.072,61.3697,111.696,85.2175,0.821587,Yes,6537728,Compute Pipeline Bound (Balanced Design),256x256,256,2400,9600
LLaMA-3-70B,dense,65536,256,131.072,157.223,115.39,88.0356,0.775134,Yes,17302016,Compute Pipeline Bound (Balanced Design),256x256,256,4800,2400
DeepSeek-V3-MoE,moe,65536,256,131.072,61.9872,110.584,84.3687,0.821587,Yes,6537728,Compute Pipeline Bound (Balanced Design),256x256,256,4800,2400
LLaMA-3-70B,dense,65536,256,131.072,156.718,115.762,88.3194,0.775134,Yes,17302016,Compute Pipeline Bound (Balanced Design),256x256,256,4800,4800
DeepSeek-V3-MoE,moe,65536,256,131.072,60.9103,112.539,85.8603,0.821587,Yes,6537728,Compute Pipeline Bound (Balanced Design),256x256,256,4800,4800
LLaMA-3-70B,dense,65536,256,131.072,156.465,115.949,88.462,0.775134,Yes,17302016,Compute Pipeline Bound (Balanced Design),256x256,256,4800,9600
DeepSeek-V3-MoE,moe,65536,256,131.072,60.3718,113.543,86.6261,0.821587,Yes,6537728,Compute Pipeline Bound (Balanced Design),256x256,256,4800,9600
LLaMA-3-70B,dense,262144,64,524.288,42.1625,430.286,82.0705,0.808957,Yes,4326400,Compute Pipeline Bound (Balanced Design),512x512,64,1200,2400
DeepSeek-V3-MoE,moe,262144,64,524.288,21.0845,325.109,62.0097,0.85541,Yes,1635328,Compute Pipeline Bound (Balanced Design),512x512,64,1200,2400
LLaMA-3-70B,dense,262144,64,524.288,41.6573,435.504,83.0658,0.808957,Yes,4326400,Compute Pipeline Bound (Balanced Design),512x512,64,1200,4800
DeepSeek-V3-MoE,moe,262144,64,524.288,20.0076,342.608,65.3473,0.85541,Yes,1635328,Compute Pipeline Bound (Balanced Design),512x512,64,1200,4800
LLaMA-3-70B,dense,262144,64,524.288,41.4048,438.161,83.5725,0.808957,Yes,4326400,Compute Pipeline Bound (Balanced Design),512x512,64,1200,9600
DeepSeek-V3-MoE,moe,262144,64,524.288,19.4691,352.084,67.1546,0.85541,Yes,1635328,Compute Pipeline Bound (Balanced Design),512x512,64,1200,9600
LLaMA-3-70B,dense,262144,64,524.288,41.0511,441.935,84.2924,0.808957,Yes,4326400,Compute Pipeline Bound (Balanced Design),512x512,64,2400,2400
DeepSeek-V3-MoE,moe,262144,64,524.288,18.974,361.271,68.907,0.85541,Yes,1635328,Compute Pipeline Bound (Balanced Design),512x512,64,2400,2400
LLaMA-3-70B,dense,262144,64,524.288,40.546,447.441,85.3427,0.808957,Yes,4326400,Compute Pipeline Bound (Balanced Design),512x512,64,2400,4800
DeepSeek-V3-MoE,moe,262144,64,524.288,17.8971,383.009,73.0532,0.85541,Yes,1635328,Compute Pipeline Bound (Balanced Design),512x512,64,2400,4800
LLaMA-3-70B,dense,262144,64,524.288,40.2934,450.246,85.8777,0.808957,Yes,4326400,Compute Pipeline Bound (Balanced Design),512x512,64,2400,9600
DeepSeek-V3-MoE,moe,262144,64,524.288,17.3587,394.89,75.3193,0.85541,Yes,1635328,Compute Pipeline Bound (Balanced Design),512x512,64,2400,9600
LLaMA-3-70B,dense,262144,64,524.288,40.4954,448,85.4491,0.808957,Yes,4326400,Compute Pipeline Bound (Balanced Design),512x512,64,4800,2400
DeepSeek-V3-MoE,moe,262144,64,524.288,17.9188,382.546,72.9649,0.85541,Yes,1635328,Compute Pipeline Bound (Balanced Design),512x512,64,4800,2400
LLaMA-3-70B,dense,262144,64,524.288,39.9903,453.659,86.5286,0.808957,Yes,4326400,Compute Pipeline Bound (Balanced Design),512x512,64,4800,4800
DeepSeek-V3-MoE,moe,262144,64,524.288,16.8419,407.007,77.6304,0.85541,Yes,1635328,Compute Pipeline Bound (Balanced Design),512x512,64,4800,4800
LLaMA-3-70B,dense,262144,64,524.288,39.7377,456.542,87.0786,0.808957,Yes,4326400,Compute Pipeline Bound (Balanced Design),512x512,64,4800,9600
DeepSeek-V3-MoE,moe,262144,64,524.288,16.3034,420.449,80.1943,0.85541,Yes,1635328,Compute Pipeline Bound (Balanced Design),512x512,64,4800,9600
LLaMA-3-70B,dense,262144,128,524.288,42.0861,431.068,82.2196,0.797683,Yes,4326400,Compute Pipeline Bound (Balanced Design),512x512,128,1200,2400
DeepSeek-V3-MoE,moe,262144,128,524.288,21.008,326.293,62.2354,0.844136,Yes,1635328,Compute Pipeline Bound (Balanced Design),512x512,128,1200,2400
LLaMA-3-70B,dense,262144,128,524.288,41.5809,436.305,83.2185,0.797683,Yes,4326400,Compute Pipeline Bound (Balanced Design),512x512,128,1200,4800
DeepSeek-V3-MoE,moe,262144,128,524.288,19.9311,343.923,65.598,0.844136,Yes,1635328,Compute Pipeline Bound (Balanced Design),512x512,128,1200,4800
LLaMA-3-70B,dense,262144,128,524.288,41.3283,438.971,83.7272,0.797683,Yes,4326400,Compute Pipeline Bound (Balanced Design),512x512,128,1200,9600
DeepSeek-V3-MoE,moe,262144,128,524.288,19.3927,353.472,67.4194,0.844136,Yes,1635328,Compute Pipeline Bound (Balanced Design),512x512,128,1200,9600
LLaMA-3-70B,dense,262144,128,524.288,41.0129,442.347,84.371,0.797683,Yes,4326400,Compute Pipeline Bound (Balanced Design),512x512,128,2400,2400
DeepSeek-V3-MoE,moe,262144,128,524.288,18.9358,362,69.0461,0.844136,Yes,1635328,Compute Pipeline Bound (Balanced Design),512x512,128,2400,2400
LLaMA-3-70B,dense,262144,128,524.288,40.5077,447.864,85.4232,0.797683,Yes,4326400,Compute Pipeline Bound (Balanced Design),512x512,128,2400,4800
DeepSeek-V3-MoE,moe,262144,128,524.288,17.8589,383.829,73.2096,0.844136,Yes,1635328,Compute Pipeline Bound (Balanced Design),512x512,128,2400,4800
LLaMA-3-70B,dense,262144,128,524.288,40.2551,450.674,85.9592,0.797683,Yes,4326400,Compute Pipeline Bound (Balanced Design),512x512,128,2400,9600
DeepSeek-V3-MoE,moe,262144,128,524.288,17.3204,395.762,75.4855,0.844136,Yes,1635328,Compute Pipeline Bound (Balanced Design),512x512,128,2400,9600
LLaMA-3-70B,dense,262144,128,524.288,40.4763,448.211,85.4895,0.797683,Yes,4326400,Compute Pipeline Bound (Balanced Design),512x512,128,4800,2400
DeepSeek-V3-MoE,moe,262144,128,524.288,17.8997,382.955,73.0428,0.844136,Yes,1635328,Compute Pipeline Bound (Balanced Design),512x512,128,4800,2400
LLaMA-3-70B,dense,262144,128,524.288,39.9712,453.876,86.5699,0.797683,Yes,4326400,Compute Pipeline Bound (Balanced Design),512x512,128,4800,4800
DeepSeek-V3-MoE,moe,262144,128,524.288,16.8228,407.469,77.7186,0.844136,Yes,1635328,Compute Pipeline Bound (Balanced Design),512x512,128,4800,4800
LLaMA-3-70B,dense,262144,128,524.288,39.7186,456.762,87.1205,0.797683,Yes,4326400,Compute Pipeline Bound (Balanced Design),512x512,128,4800,9600
DeepSeek-V3-MoE,moe,262144,128,524.288,16.2843,420.943,80.2884,0.844136,Yes,1635328,Compute Pipeline Bound (Balanced Design),512x512,128,4800,9600
LLaMA-3-70B,dense,262144,256,524.288,41.9331,432.64,82.5195,0.775134,Yes,4326400,Compute Pipeline Bound (Balanced Design),512x512,256,1200,2400
DeepSeek-V3-MoE,moe,262144,256,524.288,20.8551,328.685,62.6917,0.821587,Yes,1635328,Compute Pipeline Bound (Balanced Design),512x512,256,1200,2400
LLaMA-3-70B,dense,262144,256,524.288,41.428,437.915,83.5257,0.775134,Yes,4326400,Compute Pipeline Bound (Balanced Design),512x512,256,1200,4800
DeepSeek-V3-MoE,moe,262144,256,524.288,19.7782,346.582,66.1052,0.821587,Yes,1635328,Compute Pipeline Bound (Balanced Design),512x512,256,1200,4800
LLaMA-3-70B,dense,262144,256,524.288,41.1754,440.602,84.0381,0.775134,Yes,4326400,Compute Pipeline Bound (Balanced Design),512x512,256,1200,9600
DeepSeek-V3-MoE,moe,262144,256,524.288,19.2398,356.281,67.9553,0.821587,Yes,1635328,Compute Pipeline Bound (Balanced Design),512x512,256,1200,9600
LLaMA-3-70B,dense,262144,256,524.288,40.9364,443.173,84.5286,0.775134,Yes,4326400,Compute Pipeline Bound (Balanced Design),512x512,256,2400,2400
DeepSeek-V3-MoE,moe,262144,256,524.288,18.8593,363.468,69.326,0.821587,Yes,1635328,Compute Pipeline Bound (Balanced Design),512x512,256,2400,2400
LLaMA-3-70B,dense,262144,256,524.288,40.4313,448.711,85.5848,0.775134,Yes,4326400,Compute Pipeline Bound (Balanced Design),512x512,256,2400,4800
DeepSeek-V3-MoE,moe,262144,256,524.288,17.7824,385.48,73.5244,0.821587,Yes,1635328,Compute Pipeline Bound (Balanced Design),512x512,256,2400,4800
LLaMA-3-70B,dense,262144,256,524.288,40.1787,451.531,86.1228,0.775134,Yes,4326400,Compute Pipeline Bound (Balanced Design),512x512,256,2400,9600
DeepSeek-V3-MoE,moe,262144,256,524.288,17.244,397.516,75.8202,0.821587,Yes,1635328,Compute Pipeline Bound (Balanced Design),512x512,256,2400,9600
LLaMA-3-70B,dense,262144,256,524.288,40.4381,448.635,85.5703,0.775134,Yes,4326400,Compute Pipeline Bound (Balanced Design),512x512,256,4800,2400
DeepSeek-V3-MoE,moe,262144,256,524.288,17.8615,383.774,73.1991,0.821587,Yes,1635328,Compute Pipeline Bound (Balanced Design),512x512,256,4800,2400
LLaMA-3-70B,dense,262144,256,524.288,39.9329,454.31,86.6528,0.775134,Yes,4326400,Compute Pipeline Bound (Balanced Design),512x512,256,4800,4800
DeepSeek-V3-MoE,moe,262144,256,524.288,16.7846,408.397,77.8956,0.821587,Yes,1635328,Compute Pipeline Bound (Balanced Design),512x512,256,4800,4800
LLaMA-3-70B,dense,262144,256,524.288,39.6803,457.202,87.2044,0.775134,Yes,4326400,Compute Pipeline Bound (Balanced Design),512x512,256,4800,9600
DeepSeek-V3-MoE,moe,262144,256,524.288,16.2461,421.933,80.4774,0.821587,Yes,1635328,Compute Pipeline Bound (Balanced Design),512x512,256,4800,9600
LLaMA-3-70B,dense,506944,64,1013.89,23.3647,776.47,76.5834,0.808957,Yes,2238104,Compute Pipeline Bound (Balanced Design),712x712,64,1200,2400
DeepSeek-V3-MoE,moe,506944,64,1013.89,13.9821,490.251,48.3536,0.85541,Yes,846534,Compute Pipeline Bound (Balanced Design),712x712,64,1200,2400
LLaMA-3-70B,dense,506944,64,1013.89,22.8595,793.629,78.2758,0.808957,Yes,2238104,Compute Pipeline Bound (Balanced Design),712x712,64,1200,4800
DeepSeek-V3-MoE,moe,506944,64,1013.89,12.9052,531.162,52.3886,0.85541,Yes,846534,Compute Pipeline Bound (Balanced Design),712x712,64,1200,4800
LLaMA-3-70B,dense,506944,64,1013.89,22.6069,802.496,79.1504,0.808957,Yes,2238104,Compute Pipeline Bound (Balanced Design),712x712,64,1200,9600
DeepSeek-V3-MoE,moe,506944,64,1013.89,12.3668,554.288,54.6696,0.85541,Yes,846534,Compute Pipeline Bound (Balanced Design),712x712,64,1200,9600
LLaMA-3-70B,dense,506944,64,1013.89,22.2533,815.248,80.4081,0.808957,Yes,2238104,Compute Pipeline Bound (Balanced Design),712x712,64,2400,2400
DeepSeek-V3-MoE,moe,506944,64,1013.89,11.8717,577.405,56.9496,0.85541,Yes,846534,Compute Pipeline Bound (Balanced Design),712x712,64,2400,2400
LLaMA-3-70B,dense,506944,64,1013.89,21.7481,834.185,82.2759,0.808957,Yes,2238104,Compute Pipeline Bound (Balanced Design),712x712,64,2400,4800
DeepSeek-V3-MoE,moe,506944,64,1013.89,10.7948,635.008,62.631,0.85541,Yes,846534,Compute Pipeline Bound (Balanced Design),712x712,64,2400,4800
LLaMA-3-70B,dense,506944,64,1013.89,21.4955,843.988,83.2427,0.808957,Yes,2238104,Compute Pipeline Bound (Balanced Design),712x712,64,2400,9600
DeepSeek-V3-MoE,moe,506944,64,1013.89,10.2563,668.346,65.9191,0.85541,Yes,846534,Compute Pipeline Bound (Balanced Design),712x712,64,2400,9600
LLaMA-3-70B,dense,506944,64,1013.89,21.6976,836.127,82.4674,0.808957,Yes,2238104,Compute Pipeline Bound (Balanced Design),712x712,64,4800,2400
DeepSeek-V3-MoE,moe,506944,64,1013.89,10.8165,633.735,62.5055,0.85541,Yes,846534,Compute Pipeline Bound (Balanced Design),712x712,64,4800,2400
LLaMA-3-70B,dense,506944,64,1013.89,21.1924,856.059,84.4333,0.808957,Yes,2238104,Compute Pipeline Bound (Balanced Design),712x712,64,4800,4800
DeepSeek-V3-MoE,moe,506944,64,1013.89,9.73954,703.808,69.4167,0.85541,Yes,846534,Compute Pipeline Bound (Balanced Design),712x712,64,4800,4800
LLaMA-3-70B,dense,506944,64,1013.89,20.9398,866.385,85.4517,0.808957,Yes,2238104,Compute Pipeline Bound (Balanced Design),712x712,64,4800,9600
DeepSeek-V3-MoE,moe,506944,64,1013.89,9.20109,744.995,73.479,0.85541,Yes,846534,Compute Pipeline Bound (Balanced Design),712x712,64,4800,9600
LLaMA-3-70B,dense,506944,128,1013.89,23.2882,779.019,76.8348,0.797683,Yes,2238104,Compute Pipeline Bound (Balanced Design),712x712,128,1200,2400
DeepSeek-V3-MoE,moe,506944,128,1013.89,13.9057,492.947,48.6195,0.844136,Yes,846534,Compute Pipeline Bound (Balanced Design),712x712,128,1200,2400
LLaMA-3-70B,dense,506944,128,1013.89,22.783,796.292,78.5385,0.797683,Yes,2238104,Compute Pipeline Bound (Balanced Design),712x712,128,1200,4800
DeepSeek-V3-MoE,moe,506944,128,1013.89,12.8288,534.327,52.7008,0.844136,Yes,846534,Compute Pipeline Bound (Balanced Design),712x712,128,1200,4800
LLaMA-3-70B,dense,506944,128,1013.89,22.5304,805.219,79.419,0.797683,Yes,2238104,Compute Pipeline Bound (Balanced Design),712x712,128,1200,9600
DeepSeek-V3-MoE,moe,506944,128,1013.89,12.2903,557.737,55.0097,0.844136,Yes,846534,Compute Pipeline Bound (Balanced Design),712x712,128,1200,9600
LLaMA-3-70B,dense,506944,128,1013.89,22.215,816.651,80.5465,0.797683,Yes,2238104,Compute Pipeline Bound (Balanced Design),712x712,128,2400,2400
DeepSeek-V3-MoE,moe,506944,128,1013.89,11.8335,579.27,57.1336,0.844136,Yes,846534,Compute Pipeline Bound (Balanced Design),712x712,128,2400,2400
LLaMA-3-70B,dense,506944,128,1013.89,21.7099,835.654,82.4208,0.797683,Yes,2238104,Compute Pipeline Bound (Balanced Design),712x712,128,2400,4800
DeepSeek-V3-MoE,moe,506944,128,1013.89,10.7565,637.265,62.8536,0.844136,Yes,846534,Compute Pipeline Bound (Balanced Design),712x712,128,2400,4800
LLaMA-3-70B,dense,506944,128,1013.89,21.4573,845.491,83.391,0.797683,Yes,2238104,Compute Pipeline Bound (Balanced Design),712x712,128,2400,9600
DeepSeek-V3-MoE,moe,506944,128,1013.89,10.2181,670.846,66.1657,0.844136,Yes,846534,Compute Pipeline Bound (Balanced Design),712x712,128,2400,9600
LLaMA-3-70B,dense,506944,128,1013.89,21.6785,836.865,82.5402,0.797683,Yes,2238104,Compute Pipeline Bound (Balanced Design),712x712,128,4800,2400
DeepSeek-V3-MoE,moe,506944,128,1013.89,10.7973,634.857,62.6161,0.844136,Yes,846534,Compute Pipeline Bound (Balanced Design),712x712,128,4800,2400
LLaMA-3-70B,dense,506944,128,1013.89,21.1733,856.831,84.5095,0.797683,Yes,2238104,Compute Pipeline Bound (Balanced Design),712x712,128,4800,4800
DeepSeek-V3-MoE,moe,506944,128,1013.89,9.72043,705.192,69.5532,0.844136,Yes,846534,Compute Pipeline Bound (Balanced Design),712x712,128,4800,4800
LLaMA-3-70B,dense,506944,128,1013.89,20.9207,867.176,85.5298,0.797683,Yes,2238104,Compute Pipeline Bound (Balanced Design),712x712,128,4800,9600
DeepSeek-V3-MoE,moe,506944,128,1013.89,9.18198,746.546,73.632,0.844136,Yes,846534,Compute Pipeline Bound (Balanced Design),712x712,128,4800,9600
LLaMA-3-70B,dense,506944,256,1013.89,23.1353,784.168,77.3427,0.775134,Yes,2238104,Compute Pipeline Bound (Balanced Design),712x712,256,1200,2400
DeepSeek-V3-MoE,moe,506944,256,1013.89,13.7528,498.428,49.1601,0.821587,Yes,846534,Compute Pipeline Bound (Balanced Design),712x712,256,1200,2400
LLaMA-3-70B,dense,506944,256,1013.89,22.6301,801.673,79.0692,0.775134,Yes,2238104,Compute Pipeline Bound (Balanced Design),712x712,256,1200,4800
DeepSeek-V3-MoE,moe,506944,256,1013.89,12.6759,540.773,53.3366,0.821587,Yes,846534,Compute Pipeline Bound (Balanced Design),712x712,256,1200,4800
LLaMA-3-70B,dense,506944,256,1013.89,22.3775,810.722,79.9617,0.775134,Yes,2238104,Compute Pipeline Bound (Balanced Design),712x712,256,1200,9600
DeepSeek-V3-MoE,moe,506944,256,1013.89,12.1374,564.764,55.7028,0.821587,Yes,846534,Compute Pipeline Bound (Balanced Design),712x712,256,1200,9600
LLaMA-3-70B,dense,506944,256,1013.89,22.1386,819.472,80.8247,0.775134,Yes,2238104,Compute Pipeline Bound (Balanced Design),712x712,256,2400,2400
DeepSeek-V3-MoE,moe,506944,256,1013.89,11.757,583.037,57.5051,0.821587,Yes,846534,Compute Pipeline Bound (Balanced Design),712x712,256,2400,2400
LLaMA-3-70B,dense,506944,256,1013.89,21.6334,838.608,82.7121,0.775134,Yes,2238104,Compute Pipeline Bound (Balanced Design),712x712,256,2400,4800
DeepSeek-V3-MoE,moe,506944,256,1013.89,10.6801,641.827,63.3035,0.821587,Yes,846534,Compute Pipeline Bound (Balanced Design),712x712,256,2400,4800
LLaMA-3-70B,dense,506944,256,1013.89,21.3808,848.515,83.6892,0.775134,Yes,2238104,Compute Pipeline Bound (Balanced Design),712x712,256,2400,9600
DeepSeek-V3-MoE,moe,506944,256,1013.89,10.1416,675.904,66.6645,0.821587,Yes,846534,Compute Pipeline Bound (Balanced Design),712x712,256,2400,9600
LLaMA-3-70B,dense,506944,256,1013.89,21.6402,838.343,82.686,0.775134,Yes,2238104,Compute Pipeline Bound (Balanced Design),712x712,256,4800,2400
DeepSeek-V3-MoE,moe,506944,256,1013.89,10.7591,637.113,62.8386,0.821587,Yes,846534,Centralized Global Bus Routing Contention,712x712,256,4800,2400
LLaMA-3-70B,dense,506944,256,1013.89,21.1351,858.381,84.6623,0.775134,Yes,2238104,Compute Pipeline Bound (Balanced Design),712x712,256,4800,4800
DeepSeek-V3-MoE,moe,506944,256,1013.89,9.6822,707.976,69.8279,0.821587,Yes,846534,Compute Pipeline Bound (Balanced Design),712x712,256,4800,4800
LLaMA-3-70B,dense,506944,256,1013.89,20.8825,868.764,85.6864,0.775134,Yes,2238104,Compute Pipeline Bound (Balanced Design),712x712,256,4800,9600
DeepSeek-V3-MoE,moe,506944,256,1013.89,9.14375,749.667,73.9398,0.821587,Yes,846534,Compute Pipeline Bound (Balanced Design),712x712,256,4800,9600
